expiry,signal_date,entry_date,signal_spot,entry_spot,expiry_spot,realized_return,log_mu_daily,sigma_daily,horizon_trading_days,p_up,predicted_direction,actual_direction,signal_hit,entry_spot_available
2022-06-09,2022-06-02,2022-06-03,16628.0,16773.55,16478.1,-0.009014914601876423,0.00029527084222233596,0.01040702541206795,5,0.52146,Bull,Bear,0,1
2022-06-16,2022-06-09,2022-06-10,16478.1,16272.15,15360.6,-0.067817284759772,0.0001994770487287566,0.010412619864598597,5,0.51214,Bull,Bear,0,1
2022-06-23,2022-06-16,2022-06-17,15360.6,15354.7,15556.65,0.012763173313542486,-0.00011175797813320057,0.010667274267288633,5,0.48888,Bear,Bull,0,1
2022-06-30,2022-06-23,2022-06-24,15556.65,15710.2,15780.25,0.01437327445176173,-3.218825444831742e-05,0.010778857776994341,5,0.4915,Bear,Bull,0,1
2022-07-07,2022-06-30,2022-07-01,15780.25,15613.45,16132.9,0.022347554696535266,-2.0091769554662054e-05,0.01078922221656331,5,0.48556,Bear,Bull,0,1
2022-07-14,2022-07-07,2022-07-08,16132.9,16203.7,15938.65,-0.012040612661083916,0.00010232912250440234,0.010824954052899101,5,0.50398,Bull,Bear,0,1
2022-07-21,2022-07-14,2022-07-15,15938.65,15976.85,16605.25,0.04182286454624462,6.244506939327539e-05,0.010824553126666806,5,0.50128,Bull,Bull,1,1
2022-07-28,2022-07-21,2022-07-22,16605.25,16633.5,16929.6,0.019532979027717,0.0001663856546365794,0.010883212180747262,5,0.51012,Bull,Bull,1,1
2022-08-04,2022-07-28,2022-07-29,16929.6,17137.0,17382.0,0.026722426991777848,0.00026788633680863106,0.010918948191285116,5,0.51614,Bull,Bull,1,1
2022-08-25,2022-08-18,2022-08-19,17956.5,17952.45,17522.45,-0.024172305293347796,0.00036842826471327763,0.010925016485392472,5,0.5239,Bull,Bear,0,1
2022-09-08,2022-09-01,2022-09-02,17542.8,17510.25,17798.75,0.014590031237886825,0.00021039876731324006,0.011139273523732228,5,0.51172,Bull,Bull,1,1
2022-09-15,2022-09-08,2022-09-09,17798.75,17896.25,17877.4,0.00441884963831729,0.00012791805400069463,0.01109033147070805,5,0.50614,Bull,Bull,1,1
2022-09-22,2022-09-15,2022-09-16,17877.4,17661.1,17629.8,-0.013849888686274459,0.00011442834870475195,0.011111431586405348,5,0.50552,Bull,Bear,0,1
2022-09-29,2022-09-22,2022-09-23,17629.8,17481.65,16818.1,-0.046041361785159274,1.0062921266746312e-05,0.011196575802939965,5,0.49466,Bear,Bear,1,1
2022-10-13,2022-10-06,2022-10-07,17331.8,17325.35,17014.35,-0.01831604334229575,-6.50264135286065e-05,0.011395347128440463,5,0.49246,Bear,Bear,1,1
2022-10-20,2022-10-13,2022-10-14,17014.35,17296.4,17563.95,0.03230214495411232,-0.00017698043580167201,0.011399139786525814,5,0.47874,Bear,Bull,0,1
2022-11-03,2022-10-27,2022-10-28,17736.95,17799.3,18052.7,0.017801820493376752,-9.749023247308167e-05,0.011398572677015825,5,0.48878,Bear,Bull,0,1
2022-11-17,2022-11-10,2022-11-11,18028.2,18293.95,18343.9,0.01751145427718792,4.4046174413068526e-05,0.011315238149221887,5,0.50098,Bull,Bull,1,1
2022-11-24,2022-11-17,2022-11-18,18343.9,18296.65,18484.1,0.007642867656277863,0.00010306480290695316,0.01134644714237079,5,0.50202,Bull,Bull,1,1
2022-12-01,2022-11-24,2022-11-25,18484.1,18464.3,18812.5,0.017766621041868547,0.0001575076657139642,0.011336048610909148,5,0.50846,Bull,Bull,1,1
2022-12-08,2022-12-01,2022-12-02,18812.5,18713.35,18609.35,-0.01079867109634558,0.00039584732234472655,0.011103323154889003,5,0.52584,Bull,Bear,0,1
2022-12-15,2022-12-08,2022-12-09,18609.35,18626.05,18414.9,-0.01044904846219763,0.0003132803080917006,0.011036578311437683,5,0.52158,Bull,Bear,0,1
2022-12-22,2022-12-15,2022-12-16,18414.9,18379.45,18127.35,-0.015615072577098044,0.00019965766942533177,0.01093830945745458,5,0.51492,Bull,Bear,0,1
2022-12-29,2022-12-22,2022-12-23,18127.35,17973.55,18191.0,0.0035112688837586337,0.0002582518685307659,0.01091993763396381,5,0.51756,Bull,Bull,1,1
2023-01-05,2022-12-29,2022-12-30,18191.0,18246.85,17992.15,-0.010931229728986747,0.0002678295964864157,0.010874092927123812,5,0.51716,Bull,Bear,0,1
2023-01-12,2023-01-05,2023-01-06,17992.15,17971.45,17858.2,-0.007444913476154946,0.00014329223457804427,0.01087556209987978,5,0.50376,Bull,Bear,0,1
2023-01-19,2023-01-12,2023-01-13,17858.2,17782.35,18107.85,0.013979572409313246,1.012341451875684e-05,0.010848008802520749,5,0.49564,Bear,Bull,0,1
2023-02-02,2023-01-25,2023-01-27,17891.95,17741.75,17610.4,-0.01573612714097672,3.0043994622821594e-05,0.010820116843299058,5,0.49998,Bear,Bear,1,1
2023-02-09,2023-02-02,2023-02-03,17610.4,17683.85,17893.45,0.0160728887475583,0.00011625851000856077,0.010696828869923765,5,0.50624,Bull,Bull,1,1
2023-02-16,2023-02-09,2023-02-10,17893.45,17824.6,18035.85,0.00795821934842067,8.453511151909585e-05,0.010626962317562843,5,0.5024,Bull,Bull,1,1
2023-02-23,2023-02-16,2023-02-17,18035.85,18015.8,17511.25,-0.029086513804450487,0.00014818825780233506,0.010522353423991843,5,0.50818,Bull,Bear,0,1
2023-03-02,2023-02-23,2023-02-24,17511.25,17547.4,17321.9,-0.010813048754372057,5.360282321304335e-05,0.010223457459191372,5,0.5018,Bull,Bear,0,1
2023-03-16,2023-03-09,2023-03-10,17589.6,17379.3,16985.6,-0.03433847273388824,0.00031548057268985776,0.009616370415536884,5,0.52676,Bull,Bear,0,1
2023-03-23,2023-03-16,2023-03-17,16985.6,17053.65,17076.9,0.0053751412961569045,8.385148375372984e-05,0.009427805855525998,5,0.50612,Bull,Bull,1,1
2023-04-27,2023-04-20,2023-04-21,17624.45,17607.0,17915.05,0.016488457795845957,2.1255278695546406e-05,0.00907321805481078,5,0.49684,Bear,Bull,0,1
2023-05-11,2023-05-04,2023-05-05,18255.8,18186.25,18297.0,0.0022568170115799813,0.0002738619741204849,0.008811431905164,5,0.5221,Bull,Bull,1,1
2023-05-18,2023-05-11,2023-05-12,18297.0,18234.25,18129.95,-0.00912991200743285,0.0003665391062266403,0.008688086751754146,5,0.5337,Bull,Bear,0,1
2023-05-25,2023-05-18,2023-05-19,18129.95,18090.8,18321.15,0.010546085344967926,0.0005438457376886713,0.008504293620313236,5,0.55206,Bull,Bull,1,1
2023-06-01,2023-05-25,2023-05-26,18321.15,18379.45,18487.75,0.00909331564885374,0.0005851247236687016,0.008180436734270668,5,0.55986,Bull,Bull,1,1
2023-06-08,2023-06-01,2023-06-02,18487.75,18503.0,18634.55,0.007940392962907827,0.0005315134944924261,0.007984620893478176,5,0.55802,Bull,Bull,1,1
2023-06-15,2023-06-08,2023-06-09,18634.55,18658.65,18688.1,0.002873694293664242,0.00045210064738437987,0.007872952154791623,5,0.5472,Bull,Bull,1,1
2023-06-22,2023-06-15,2023-06-16,18688.1,18757.3,18771.25,0.004449355472198935,0.0004994235360565765,0.007847690855914562,5,0.55434,Bull,Bull,1,1
2023-07-06,2023-06-28,2023-06-30,18972.1,19077.7,19497.3,0.027682755203693787,0.0008243599439012054,0.0073443182733713246,5,0.5957,Bull,Bull,1,1
2023-07-13,2023-07-06,2023-07-07,19497.3,19520.75,19413.75,-0.004285208721207523,0.0008346151510291673,0.0073332553639101445,5,0.59844,Bull,Bear,0,1
2023-07-20,2023-07-13,2023-07-14,19413.75,19452.05,19979.15,0.029123688107655754,0.0007699625355231403,0.007324489345445177,5,0.59064,Bull,Bull,1,1
2023-07-27,2023-07-20,2023-07-21,19979.15,19867.8,19659.9,-0.015979158272499072,0.000889631182008046,0.007298360566592053,5,0.6027,Bull,Bear,0,1
2023-08-03,2023-07-27,2023-07-28,19659.9,19646.15,19381.65,-0.014153174736392327,0.000690308764612736,0.007272570942473974,5,0.578,Bull,Bear,0,1
2023-08-10,2023-08-03,2023-08-04,19381.65,19455.9,19543.1,0.008330044139688741,0.000604798172768495,0.007260247043273276,5,0.57146,Bull,Bull,1,1
2023-08-24,2023-08-17,2023-08-18,19365.25,19267.4,19386.7,0.001107654174358652,0.00039403014476880645,0.00714094897186422,5,0.54798,Bull,Bull,1,1
2023-08-31,2023-08-24,2023-08-25,19386.7,19333.55,19253.8,-0.00685521517328902,0.0003041075300517982,0.007114834042984724,5,0.5365,Bull,Bear,0,1
2023-09-07,2023-08-31,2023-09-01,19253.8,19309.65,19727.05,0.02457956351473478,0.0003739108251416708,0.007017843741498532,5,0.54648,Bull,Bull,1,1
2023-09-14,2023-09-07,2023-09-08,19727.05,19776.3,20103.1,0.01906265761986714,0.00046642127302338,0.006767350340074675,5,0.55718,Bull,Bull,1,1
2023-09-28,2023-09-21,2023-09-22,19742.35,19677.75,19523.55,-0.011082773833915427,0.00039376479856062963,0.006783075422877289,5,0.54606,Bull,Bear,0,1
2023-10-12,2023-10-05,2023-10-06,19545.75,19603.9,19794.0,0.012700970799278677,0.0005868926950062531,0.006451114332805317,5,0.57786,Bull,Bull,1,1
2023-10-19,2023-10-12,2023-10-13,19794.0,19711.75,19624.7,-0.008553096898049839,0.0005271265754468129,0.0062234165858725135,5,0.57372,Bull,Bear,0,1
2023-11-02,2023-10-26,2023-10-27,18857.25,19001.6,19133.25,0.01463628047567922,0.0002936381717831627,0.006216074127694713,5,0.5404,Bull,Bull,1,1
2023-11-09,2023-11-02,2023-11-03,19133.25,19250.75,19395.3,0.013696052683156212,0.00030070486108633835,0.006244648810350714,5,0.53892,Bull,Bull,1,1
2023-11-16,2023-11-09,2023-11-10,19395.3,19336.35,19765.2,0.0190716307559049,0.00028466472458977263,0.006209588148316759,5,0.53974,Bull,Bull,1,1
2023-11-23,2023-11-16,2023-11-17,19765.2,19792.65,19802.0,0.0018618582154492636,0.00029487932540237796,0.006145727894328515,5,0.54216,Bull,Bull,1,1
2023-12-07,2023-11-30,2023-12-01,20133.15,20255.2,20901.15,0.03814604272058775,0.0003391143142585448,0.006111084977927388,5,0.54842,Bull,Bull,1,1
2023-12-14,2023-12-07,2023-12-08,20901.15,20991.75,21182.7,0.01347055066348024,0.00041778824948950847,0.006255777454233885,5,0.56034,Bull,Bull,1,1
2023-12-21,2023-12-14,2023-12-15,21182.7,21285.45,21255.05,0.0034155230447487916,0.0005139709056200434,0.006282114455308663,5,0.56962,Bull,Bull,1,1
2024-01-04,2023-12-28,2023-12-29,21778.7,21724.15,21658.6,-0.00551456239353143,0.0007125408159757463,0.00628544362474362,5,0.59432,Bull,Bear,0,1
2024-01-11,2024-01-04,2024-01-05,21658.6,21741.15,21647.2,-0.0005263498102369146,0.0007073346984865437,0.006156709352429639,5,0.59766,Bull,Bear,0,1
2024-01-18,2024-01-11,2024-01-12,21647.2,21754.2,21462.25,-0.008543830148933895,0.0007227027343890777,0.006132187826677985,5,0.60194,Bull,Bear,0,1
2024-01-25,2024-01-18,2024-01-19,21462.25,21640.6,21352.6,-0.005108970401519031,0.0007211711008228713,0.006242561997633108,5,0.60042,Bull,Bear,0,1
2024-02-08,2024-02-01,2024-02-02,21697.45,21925.15,21717.95,0.0009448114870640456,0.000715366130522414,0.0064683403506337975,5,0.59376,Bull,Bull,1,1
2024-02-15,2024-02-08,2024-02-09,21717.95,21678.25,21910.75,0.008877449298851925,0.0008306130862945104,0.006385710459996715,5,0.61132,Bull,Bull,1,1
2024-02-22,2024-02-15,2024-02-16,21910.75,22006.1,22217.45,0.013997695195280935,0.0008085671738664558,0.006338769783715984,5,0.60886,Bull,Bull,1,1
2024-02-29,2024-02-22,2024-02-23,22217.45,22254.85,21982.8,-0.010561518086009025,0.000831849564125479,0.006343251922134672,5,0.61594,Bull,Bear,0,1
2024-03-07,2024-02-29,2024-03-02,21982.8,22395.0,22493.55,0.023234073912331565,0.0008927039494106222,0.006290707291371461,6,0.63534,Bull,Bull,1,1
2024-03-21,2024-03-14,2024-03-15,22146.65,21985.15,22011.95,-0.006082183987194512,0.0009142001000809126,0.006307199060303217,5,0.62416,Bull,Bear,0,1
2024-04-25,2024-04-18,2024-04-19,21995.85,21869.75,22570.35,0.026118563274435846,0.0008371387112007199,0.006221619360211967,5,0.61592,Bull,Bull,1,1
2024-05-09,2024-05-02,2024-05-03,22648.2,22767.7,21957.5,-0.030496904831289084,0.00095284987327117,0.00627367365581502,5,0.63342,Bull,Bear,0,1
2024-05-16,2024-05-09,2024-05-10,21957.5,22108.25,22403.85,0.02032790618239777,0.0007326425756023534,0.0063432236089625334,5,0.59996,Bull,Bull,1,1
2024-05-23,2024-05-16,2024-05-17,22403.85,22407.2,22967.65,0.025165317568185852,0.000803554393292662,0.006304650896942342,5,0.60974,Bull,Bull,1,1
2024-05-30,2024-05-23,2024-05-24,22967.65,22944.85,22488.65,-0.020855420558916538,0.0009385771317729144,0.0063439219389378534,5,0.62522,Bull,Bear,0,1
2024-06-06,2024-05-30,2024-05-31,22488.65,22576.9,22821.4,0.014796352826870418,0.0008133119336881639,0.006389110881012048,5,0.6145,Bull,Bull,1,1
2024-06-13,2024-06-06,2024-06-07,22821.4,22978.3,23398.9,0.025305196000245278,0.0008356759589263458,0.0079872908565647,5,0.59076,Bull,Bull,1,1
2024-06-27,2024-06-20,2024-06-21,23567.0,23610.55,24044.5,0.020261382441549625,0.0009061073762700179,0.0080577810199278,5,0.59952,Bull,Bull,1,1
2024-07-04,2024-06-27,2024-06-28,24044.5,24134.45,24302.15,0.010715548254278673,0.000964404908976397,0.008067381113441636,5,0.60584,Bull,Bull,1,1
2024-07-11,2024-07-04,2024-07-05,24302.15,24187.75,24315.95,0.0005678509926076991,0.0009825212098089244,0.00804318805100427,5,0.60274,Bull,Bull,1,1
2024-07-25,2024-07-18,2024-07-19,24800.85,24718.9,24406.1,-0.015916793174427513,0.000977835185320941,0.00800782335339324,5,0.60372,Bull,Bear,0,1
2024-08-01,2024-07-25,2024-07-26,24406.1,24548.65,25010.9,0.02478069007338335,0.0008233266702821109,0.008022665001736023,5,0.5864,Bull,Bull,1,1
2024-08-08,2024-08-01,2024-08-02,25010.9,24739.25,24117.0,-0.035740417178110384,0.0009314537807387501,0.008033844244806472,5,0.5966,Bull,Bear,0,1
2024-08-22,2024-08-14,2024-08-16,24143.75,24299.1,24811.5,0.02765726119596179,0.0008332711632555775,0.008283324265160492,5,0.58824,Bull,Bull,1,1
2024-08-29,2024-08-22,2024-08-23,24811.5,24822.15,25151.95,0.013721459806944392,0.0009630526758167878,0.008326197607768173,5,0.59782,Bull,Bull,1,1
2024-09-05,2024-08-29,2024-08-30,25151.95,25224.9,25145.1,-0.0002723446889805192,0.001021416226778279,0.008322904287552179,5,0.60534,Bull,Bear,0,1
2024-09-12,2024-09-05,2024-09-06,25145.1,24993.65,25388.9,0.009695726006259786,0.0010400889631106602,0.008314115584187104,5,0.60338,Bull,Bull,1,1
2024-09-19,2024-09-12,2024-09-13,25388.9,25327.2,25415.8,0.0010595181358781236,0.0010246781259910277,0.008410525083062701,5,0.60332,Bull,Bull,1,1
2024-09-26,2024-09-19,2024-09-20,25415.8,25586.7,26216.05,0.031486319533518436,0.0009370827978934432,0.008387459245861852,5,0.59812,Bull,Bull,1,1
2024-10-10,2024-10-03,2024-10-04,25250.1,25279.3,24998.45,-0.009966297163179427,0.0009816539818438487,0.008554664072921905,5,0.60046,Bull,Bear,0,1
2024-10-17,2024-10-10,2024-10-11,24998.45,24992.3,24749.85,-0.009944616566227138,0.0009764125057619464,0.008561470253010333,5,0.59596,Bull,Bear,0,1
2024-10-24,2024-10-17,2024-10-18,24749.85,24645.45,24399.4,-0.014159681775849031,0.0008866689163324401,0.008557521403695968,5,0.58542,Bull,Bear,0,1
2024-10-31,2024-10-24,2024-10-25,24399.4,24252.0,24205.35,-0.007953064419616962,0.0008641649401010049,0.008585406450637652,5,0.58578,Bull,Bear,0,1
2024-11-14,2024-11-07,2024-11-08,24199.35,24191.85,23532.7,-0.02754826059377624,0.000911996083078561,0.008587207246675164,5,0.59038,Bull,Bear,0,1
2024-11-28,2024-11-21,2024-11-22,23349.9,23499.75,23914.15,0.02416498571728365,0.000679448554539792,0.008630516671444818,5,0.56722,Bull,Bull,1,1
2024-12-05,2024-11-28,2024-11-29,23914.15,24062.55,24708.4,0.033212554073634326,0.0007467860731180554,0.008833516591816377,5,0.5677,Bull,Bull,1,1
2024-12-12,2024-12-05,2024-12-06,24708.4,24688.05,24548.7,-0.006463388968933725,0.000812601414762821,0.008858132829073377,5,0.57928,Bull,Bear,0,1
2024-12-19,2024-12-12,2024-12-13,24548.7,24382.45,23951.7,-0.02431900670911291,0.0006383123742110708,0.008754016470211875,5,0.56466,Bull,Bear,0,1
2025-01-02,2024-12-26,2024-12-27,23750.2,23919.05,24188.65,0.01846089717139221,0.000460095054889312,0.008799153036536543,5,0.54588,Bull,Bull,1,1
2025-01-09,2025-01-02,2025-01-03,24188.65,24057.9,23526.5,-0.027374409072023487,0.00041647256723386576,0.008852645178227645,5,0.53766,Bull,Bear,0,1
2025-01-16,2025-01-09,2025-01-10,23526.5,23369.6,23311.8,-0.00912587932756681,0.0003282731792960307,0.008919232833193166,5,0.53094,Bull,Bear,0,1
2025-01-23,2025-01-16,2025-01-17,23311.8,23226.4,23205.35,-0.004566356952273143,0.00029398235838488457,0.008957785165677112,5,0.52202,Bull,Bear,0,1
2025-01-30,2025-01-23,2025-01-24,23205.35,23144.25,23249.5,0.0019025785002166895,0.00030987014922041897,0.008865901246717775,5,0.5269,Bull,Bull,1,1
2025-02-06,2025-01-30,2025-02-01,23249.5,23558.05,23603.35,0.015219682143702062,0.0003377385488342268,0.008831832695177575,6,0.53462,Bull,Bull,1,1
2025-02-13,2025-02-06,2025-02-07,23603.35,23606.55,23031.4,-0.024231729818013026,0.0003205463880919085,0.008799167597193666,5,0.52996,Bull,Bear,0,1
2025-02-20,2025-02-13,2025-02-14,23031.4,23050.5,22913.15,-0.005134294919110438,0.0002516762219917577,0.00880732849794837,5,0.52318,Bull,Bear,0,1
2025-03-06,2025-02-27,2025-02-28,22545.05,22235.4,22544.7,-1.5524472112393717e-05,5.89338582451578e-05,0.008798107974790328,5,0.50076,Bull,Bear,0,1
2025-03-13,2025-03-06,2025-03-07,22544.7,22548.85,22397.2,-0.006542557674309224,3.641732712599016e-05,0.008834348676585292,5,0.49946,Bear,Bear,1,1
2025-03-27,2025-03-20,2025-03-21,23190.65,23263.75,23591.95,0.017304387759722095,0.00018278943126828805,0.008845235284227137,5,0.51576,Bull,Bull,1,1
2025-05-08,2025-04-30,2025-05-02,24334.2,24571.2,24273.8,-0.0024821033771400547,0.00032823282660966545,0.009468497514015854,5,0.52352,Bull,Bear,0,1
2025-05-15,2025-05-08,2025-05-09,24273.8,24012.6,25062.1,0.03247534378630457,0.00027506825718027496,0.009441418258955043,5,0.52014,Bull,Bull,1,1
2025-05-22,2025-05-15,2025-05-16,25062.1,24991.55,24609.7,-0.018051160916283893,0.0005247935636132451,0.009771864262261011,5,0.5429,Bull,Bear,0,1
2025-05-29,2025-05-22,2025-05-23,24609.7,24795.45,24833.6,0.009098038578284173,0.00037265021853129346,0.009795873273475706,5,0.52866,Bull,Bull,1,1
2025-06-05,2025-05-29,2025-05-30,24833.6,24806.85,24750.9,-0.0033301655821144083,0.00030996377303552845,0.009781076093234567,5,0.52424,Bull,Bear,0,1
2025-06-12,2025-06-05,2025-06-06,24750.9,24713.25,24888.2,0.0055472730284555904,0.00038036156547180335,0.009766308884807087,5,0.52948,Bull,Bull,1,1
2025-06-19,2025-06-12,2025-06-13,24888.2,24641.2,24793.25,-0.003815060952579996,0.00034402818777368025,0.008523081125474067,5,0.52876,Bull,Bear,0,1
2025-06-26,2025-06-19,2025-06-20,24793.25,24864.35,25549.0,0.030482086858318214,0.00022969216663839122,0.008460409140133383,5,0.52098,Bull,Bull,1,1
2025-07-03,2025-06-26,2025-06-27,25549.0,25544.5,25405.3,-0.005624486281263441,0.00033155138244146676,0.00854402447296737,5,0.53148,Bull,Bear,0,1
2025-07-10,2025-07-03,2025-07-04,25405.3,25414.05,25355.25,-0.0019700613651482124,0.0002240571990732118,0.008522780180937209,5,0.51742,Bull,Bear,0,1
2025-07-17,2025-07-10,2025-07-11,25355.25,25287.05,25111.45,-0.009615365654055852,0.00016479547101818444,0.008514735245705278,5,0.51292,Bull,Bear,0,1
2025-07-24,2025-07-17,2025-07-18,25111.45,25040.3,25062.1,-0.0019652389646954704,9.74724151498226e-05,0.00851825339691161,5,0.5069,Bull,Bear,0,1
2025-07-31,2025-07-24,2025-07-25,25062.1,24928.85,24768.35,-0.011720885320863017,8.851645842474797e-05,0.008505700910252998,5,0.50534,Bull,Bear,0,1
2025-08-07,2025-07-31,2025-08-01,24768.35,24696.55,24596.15,-0.006952421134229669,-1.0839728029315711e-05,0.00847218678007802,5,0.49404,Bear,Bear,1,1
2025-08-14,2025-08-07,2025-08-08,24596.15,24477.15,24631.3,0.001429085446299494,8.818297200619453e-05,0.008288833788232312,5,0.50816,Bull,Bull,1,1
2025-09-09,2025-09-02,2025-09-03,24579.6,24578.4,24868.6,0.011757717782225896,-7.559843211723994e-05,0.00827005220334311,5,0.48554,Bear,Bull,0,1
2025-09-16,2025-09-09,2025-09-10,24868.6,25000.45,25239.1,0.014898305493674657,-5.23271522875265e-05,0.008271990393709225,5,0.49068,Bear,Bull,0,1
2025-09-23,2025-09-16,2025-09-17,25239.1,25320.35,25169.5,-0.0027576260643207284,5.073764445696607e-05,0.008245912383767571,5,0.50224,Bull,Bear,0,1
2025-09-30,2025-09-23,2025-09-24,25169.5,25091.7,24611.1,-0.022185581755696404,-3.2666590842793814e-05,0.008175641338194487,5,0.49198,Bear,Bear,1,1
2025-11-04,2025-10-28,2025-10-29,25936.2,25983.6,25597.65,-0.013053184352372349,0.000180787342855334,0.007983849130313829,5,0.51522,Bull,Bear,0,1
2025-11-18,2025-11-11,2025-11-12,25694.95,25859.4,25910.05,0.008371294748579006,0.00022079018994858687,0.007933918154778466,5,0.5198,Bull,Bull,1,1
2025-11-25,2025-11-18,2025-11-19,25910.05,25920.15,25884.8,-0.0009745253289746847,0.00027944873480049656,0.007823824829114987,5,0.52622,Bull,Bear,0,1
2025-12-02,2025-11-25,2025-11-26,25884.8,26077.45,26032.2,0.005694461614538238,0.0003913626792423607,0.0077658240340989755,5,0.54604,Bull,Bull,1,1
2025-12-09,2025-12-02,2025-12-03,26032.2,25951.5,25839.65,-0.007396608815236516,0.0002905115027541115,0.007613610999402389,5,0.53246,Bull,Bear,0,1
2025-12-16,2025-12-09,2025-12-10,25839.65,25878.25,25860.1,0.0007914193884204224,0.00021820447310582242,0.0075450143607127,5,0.5185,Bull,Bull,1,1
2025-12-23,2025-12-16,2025-12-17,25860.1,25868.35,26177.15,0.01226020007656592,0.000196612477051294,0.0075484638593889585,5,0.52326,Bull,Bull,1,1
2026-01-06,2025-12-30,2025-12-31,25938.85,25984.7,26178.7,0.009246747639159114,0.000349262149763311,0.007386406220510889,5,0.54004,Bull,Bull,1,1
2026-01-13,2026-01-06,2026-01-07,26178.7,26138.95,25732.3,-0.01705203084950746,0.0004039797040100206,0.007399497414483985,5,0.5447,Bull,Bear,0,1
2026-02-03,2026-01-27,2026-01-29,25175.4,25185.3,25727.55,0.02193212421649693,0.00032371875818180707,0.0072706994194895996,6,0.53912,Bull,Bull,1,1
2026-02-10,2026-02-03,2026-02-04,25727.55,25779.55,25935.15,0.0080691709859666,0.0004743022779207279,0.0074739291075206745,5,0.5558,Bull,Bull,1,1
2026-02-17,2026-02-10,2026-02-11,25935.15,25943.2,25725.4,-0.00808747973310353,0.000394280291339103,0.0074352601077675474,5,0.54552,Bull,Bear,0,1
2026-02-24,2026-02-17,2026-02-18,25725.4,25666.6,25424.65,-0.011690780318284633,0.00034893092911093056,0.007429212940594142,5,0.54002,Bull,Bear,0,1
2026-03-10,2026-03-02,2026-03-04,24865.7,24325.8,24261.6,-0.02429451010830186,0.0003245173104507612,0.007551004112768538,5,0.53884,Bull,Bear,0,1
2026-03-17,2026-03-10,2026-03-11,24261.6,24154.6,23581.15,-0.02804637781514807,0.0003658738970071049,0.007665535254991636,5,0.53888,Bull,Bear,0,1
2026-03-24,2026-03-17,2026-03-18,23581.15,23691.15,22912.4,-0.028359515969322957,0.00017699102982354865,0.007865267604131098,5,0.51946,Bull,Bear,0,1
2026-04-21,2026-04-13,2026-04-15,23842.65,24216.8,24576.6,0.030783071512604288,8.585390516523288e-05,0.008927627557842436,5,0.50928,Bull,Bull,1,1
2026-04-28,2026-04-21,2026-04-22,24576.6,24382.9,23995.7,-0.02363630445220244,0.00036814190086232533,0.008634229201256926,5,0.53356,Bull,Bear,0,1
2026-05-12,2026-05-05,2026-05-06,24032.8,24140.6,23379.55,-0.02718160181085849,-1.08137720708479e-06,0.008427339022566462,5,0.49666,Bear,Bear,1,1
2026-05-19,2026-05-12,2026-05-13,23379.55,23371.15,23618.0,0.010199084242425549,-0.00017946204781964803,0.008564377741548557,5,0.47826,Bear,Bull,0,1
