expiry,bull_pnl,bear_pnl
2022-06-09,5969.901077834053,2103.927172365052
2022-06-16,-32789.576252752944,1994.003672471052
2022-06-23,4880.855238088552,4150.9661874640515
2022-06-30,3371.3885575355525,2324.309240401052
2022-07-07,3465.0912198030514,-9351.27948081095
2022-07-14,5546.750172897551,1126.5209908600514
2022-07-21,1865.5381601530523,-15964.252408124948
2022-07-28,1862.4812665145525,3909.2724962770517
2022-08-04,1681.384299528552,3038.9882945095515
2022-08-25,-3826.133362416452,579.8570195715513
2022-09-08,3186.6205844900524,5670.649364144552
2022-09-15,1772.048309120552,887.0192799050512
2022-09-22,2937.4313653345525,2560.3284352475516
2022-09-29,-17993.079157912453,2369.933100605052
2022-10-13,3679.2318628440507,958.2596305280513
2022-10-20,2153.720624950552,4528.696898438552
2022-11-03,1681.2383718245524,3827.7198722150515
2022-11-17,772.033888267051,391.8740645415511
2022-11-24,775.3583160295517,472.6316743770513
2022-12-01,400.23149026755095,-368.4485495354485
2022-12-08,487.50418856605086,725.3885341350517
2022-12-15,2655.6271572660507,68.75850070555083
2022-12-22,4166.734016664552,305.4039686150511
2022-12-29,1478.360089146052,4466.171204656052
2023-01-05,4265.919620649552,333.97398721555106
2023-01-12,687.9092884220511,718.739678610051
2023-01-19,1224.606056744052,3744.8615359855517
2023-02-02,3520.3113833925504,3535.2249520040514
2023-02-09,1723.312832389052,751.1874341840513
2023-02-16,493.79430515205104,2521.4415707115513
2023-02-23,-8596.48237069845,42.52181754455103
2023-03-02,2637.9105606735516,376.1518132370515
2023-03-16,-3218.8073402434493,292.85413704805103
2023-03-23,1723.750615501052,932.2844011700518
2023-04-27,257.99400186155094,2195.112581738551
2023-05-11,199.55885628755115,-85.58495583444872
2023-05-18,594.005975561551,8.02042129705137
2023-05-25,422.67556094905103,1490.5222879935511
2023-06-01,493.6301364850508,-137.6083784024487
2023-06-08,325.4417400050509,127.12068242755106
2023-06-15,216.15667381605118,-173.84874645594897
2023-06-22,193.56667543055116,-212.56837765294873
2023-07-06,516.6396770195508,-3146.4938374754483
2023-07-13,603.766447614051,139.96844972355106
2023-07-20,270.61071695955104,-11744.101594479951
2023-07-27,1024.9488363710514,657.490852237552
2023-08-03,3804.728572643551,434.33158532905105
2023-08-10,519.495920065051,175.85615915905106
2023-08-24,325.49038257305097,120.74544134755106
2023-08-31,438.3187680805511,34.178060285051146
2023-09-07,361.548340996551,-5111.863145565949
2023-09-14,429.0204004240508,3003.6098242135513
2023-09-28,797.705101575051,302.40787818655105
2023-10-12,413.10357884755103,-28.31115157144896
2023-10-19,542.444657389551,97.90006948005106
2023-11-02,1053.4823730455512,657.3023622865512
2023-11-09,439.26121783555107,-9.386078924448952
2023-11-16,199.21227799055106,-4231.91882155395
2023-11-23,458.35045914955106,181.92738418905105
2023-12-07,1190.098580175551,-18694.446881527445
2023-12-14,713.823714570051,1059.3286261985513
2023-12-21,759.4293338110508,800.1357221505513
2024-01-04,1869.2821300645523,2596.228305325052
2024-01-11,920.5554129380517,622.290219075051
2024-01-18,4676.427981379551,870.7072374635511
2024-01-25,5555.341715493552,2114.386881332552
2024-02-08,4396.390131073052,2469.810353359552
2024-02-15,3821.2139287450514,3572.717866183552
2024-02-22,2390.5241812060517,3608.745423002052
2024-02-29,5882.968877511553,2453.692881190052
2024-03-07,2759.707468679052,1145.7987221250519
2024-03-21,3138.0492764255523,1916.3455185210523
2024-04-25,3802.6293540740526,-21477.154218826952
2024-05-09,-27288.657246917446,1362.1753664465518
2024-05-16,2442.4199170330517,5827.168067778052
2024-05-23,2095.8387885875522,-12550.732129384947
2024-05-30,-4176.53137560245,2933.1280058910525
2024-06-06,16245.661186461046,15990.802043461548
2024-06-13,6667.807541952551,1533.1486970135525
2024-06-27,1668.4210061335516,-5200.5130120594495
2024-07-04,3329.417462428052,2000.1600219950524
2024-07-11,1428.6335200915519,1072.0912690005516
2024-07-25,8832.79306501655,5581.710657892052
2024-08-01,2112.0717868560523,-6133.20431683845
2024-08-08,-15007.496553583444,1748.661788684052
2024-08-22,2445.5254532395525,-9028.457329230447
2024-08-29,1228.5628378905517,1019.3352412865518
2024-09-05,1396.8241982225516,1287.884202506052
2024-09-12,2636.127518796052,-992.3146016759476
2024-09-19,2567.8042144285514,952.6201082890518
2024-09-26,3093.246259556553,-16305.870437786947
2024-10-10,7222.907983140051,3201.2422976935504
2024-10-17,5846.474643800552,2019.7660905940515
2024-10-24,6221.9966904275525,2256.1805063055517
2024-10-31,3468.7318242575516,2262.8172011885526
2024-11-14,-17276.66721231895,2722.5124902285525
2024-11-28,4019.1762473835515,-1131.9618243129485
2024-12-05,3607.8272945310523,-15624.361091580955
2024-12-12,6422.2042043625515,4823.969066545053
2024-12-19,-3274.659808193949,2376.636679019052
2025-01-02,2442.6813708360514,6017.376420294051
2025-01-09,-8003.101540227448,3244.3078505810518
2025-01-16,3977.1139474610522,4415.756051504051
2025-01-23,3021.7079732045518,2097.527610001052
2025-01-30,4371.627950266053,3830.0441116845523
2025-02-06,6561.707056143051,6459.440237235551
2025-02-13,-10879.08139385095,3706.4459208385515
2025-02-20,2778.620380684052,2919.5262787910515
2025-03-06,1542.118580267052,4884.270870666051
2025-03-13,1995.110290893052,1531.1481243355524
2025-03-27,1273.5117824635515,1713.5752228190515
2025-05-08,7651.215000284551,4039.096984850052
2025-05-15,9925.12534277405,-40824.160812260954
2025-05-22,1906.4605224455515,3568.3962657770517
2025-05-29,4394.759097220552,4639.644956932552
2025-06-05,3879.5761104670514,5378.224343113552
2025-06-12,3209.1984222335523,3632.8965560600523
2025-06-19,4822.450494119553,3308.8446227900513
2025-06-26,2455.6081823050517,-20620.290891376946
2025-07-03,2872.985797940552,2298.631946772052
2025-07-10,1839.830464919052,2068.629254066552
2025-07-17,1260.688336451551,1172.655598028052
2025-07-24,1231.7534985910518,1207.8379902275515
2025-07-31,1435.483026209552,1185.7952207320516
2025-08-07,2247.630018132052,2052.9617256510514
2025-08-14,1661.8876767075524,1369.9612419985524
2025-09-09,1108.264753523051,4085.7210333470516
2025-09-16,1121.7509545240514,3574.0570446280517
2025-09-23,685.460426883551,870.6768358585517
2025-09-30,-8282.342917505948,919.9595414800513
2025-11-04,-1559.303627265949,2596.313429819052
2025-11-18,1694.821857961552,1696.0728962630524
2025-11-25,1558.6434339435518,2035.853161158551
2025-12-02,1509.950519459052,1689.563888121052
2025-12-09,1309.1684397010524,1651.0874697640515
2025-12-16,1140.6456255660514,1149.7007803825516
2025-12-23,901.4418503400514,2635.721694136552
2026-01-06,396.75505448005094,353.22131687555105
2026-01-13,-3889.8964260339476,411.99696042555104
2026-02-03,5026.094897244052,-6880.759715616948
2026-02-10,3672.5768779750515,2953.202259207052
2026-02-17,3155.6579350645525,1162.5363870365516
2026-02-24,3631.653105904052,1903.7470443860525
2026-03-10,12521.55080514505,9704.492473752549
2026-03-17,-5777.586127470448,7424.387791988551
2026-03-24,-21188.897184306956,4743.241858314552
2026-04-21,6191.20870198855,3742.3078471790495
2026-04-28,3847.1553194930516,5177.2992212550525
2026-05-12,-23500.362732549445,4442.052471699552
2026-05-19,6262.170714265553,10672.472297485552
