expiry,signal_date,entry_date,signal_spot,entry_spot,expiry_spot,realized_return,log_mu_daily,sigma_daily,horizon_trading_days,p_up,predicted_direction,actual_direction,signal_hit,entry_spot_available,bull_pnl,bear_pnl,p_gbm,p_t5,ret_lag1,ret_mean4,ret_std8,ret_mean12,ret_std12,sigma,mu,spot_change1,hmm_bull
2022-06-09,2022-06-02,2022-06-03,16628.0,16773.55,16478.1,-0.0090149146018764,0.0002952708422223,0.0104070254120679,5,0.52146,Bull,Bear,0,1,5969.901077834053,2103.927172365052,0.52146,0.524063755351924,,,,,,0.0104070254120679,0.0002952708422223,,
2022-06-16,2022-06-09,2022-06-10,16478.1,16272.15,15360.6,-0.067817284759772,0.0001994770487287,0.0104126198645985,5,0.51214,Bull,Bear,0,1,-32789.576252752944,1994.003672471052,0.51214,0.5162552044007969,-0.0090149146018764,,,,,0.0104126198645985,0.0001994770487287,,
2022-06-23,2022-06-16,2022-06-17,15360.6,15354.7,15556.65,0.0127631733135424,-0.0001117579781332,0.0106672742672886,5,0.48888,Bear,Bull,0,1,4880.855238088552,4150.9661874640515,0.48888,0.49110806520895667,-0.067817284759772,,,,,0.0106672742672886,-0.0001117579781332,-0.009014914601876423,
2022-06-30,2022-06-23,2022-06-24,15556.65,15710.2,15780.25,0.0143732744517617,-3.218825444831742e-05,0.0107788577769943,5,0.4915,Bear,Bull,0,1,3371.3885575355525,2324.309240401052,0.4915,0.49746522350716244,0.0127631733135424,,,,,0.0107788577769943,-3.218825444831742e-05,-0.067817284759772,
2022-07-07,2022-06-30,2022-07-01,15780.25,15613.45,16132.9,0.0223475546965352,-2.009176955466205e-05,0.0107892222165633,5,0.48556,Bear,Bull,0,1,3465.0912198030514,-9351.27948081095,0.48556,0.4984193147386545,0.0143732744517617,-0.012423937899086074,,,,0.0107892222165633,-2.009176955466205e-05,0.012763173313542486,
2022-07-14,2022-07-07,2022-07-08,16132.9,16203.7,15938.65,-0.0120406126610839,0.0001023291225044,0.0108249540528991,5,0.50398,Bull,Bear,0,1,5546.750172897551,1126.5209908600514,0.50398,0.5080233038839532,0.0223475546965352,-0.004583320574483174,,,,0.0108249540528991,0.0001023291225044,0.01437327445176173,
2022-07-21,2022-07-14,2022-07-15,15938.65,15976.85,16605.25,0.0418228645462446,6.244506939327539e-05,0.0108245531266668,5,0.50128,Bull,Bull,1,1,1865.5381601530523,-15964.252408124948,0.50128,0.5048965769414739,-0.0120406126610839,0.00936084745018885,,,,0.0108245531266668,6.244506939327539e-05,0.022347554696535266,
2022-07-28,2022-07-21,2022-07-22,16605.25,16633.5,16929.6,0.019532979027717,0.0001663856546365,0.0108832121807472,5,0.51012,Bull,Bull,1,1,1862.4812665145525,3909.2724962770517,0.51012,0.5129740674446291,0.0418228645462446,0.0166257702583644,,,,0.0108832121807472,0.0001663856546365,-0.012040612661083916,
2022-08-04,2022-07-28,2022-07-29,16929.6,17137.0,17382.0,0.0267224269917778,0.0002678863368086,0.0109189481912851,5,0.51614,Bull,Bull,1,1,1681.384299528552,3038.9882945095515,0.51614,0.5208126469336499,0.019532979027717,0.017915696402353222,0.03330530289987626,,,0.0109189481912851,0.0002678863368086,0.04182286454624462,
2022-08-25,2022-08-18,2022-08-19,17956.5,17952.45,17522.45,-0.0241723052933477,0.0003684282647132,0.0109250164853924,5,0.5239,Bull,Bear,0,1,-3826.133362416452,579.8570195715513,0.5239,0.5285927669236052,0.0267224269917778,0.019009414476163874,0.03389398657203181,,,0.0109250164853924,0.0003684282647132,0.019532979027717,
2022-09-08,2022-09-01,2022-09-02,17542.8,17510.25,17798.75,0.0145900312378868,0.0002103987673132,0.0111392735237322,5,0.51172,Bull,Bull,1,1,3186.6205844900524,5670.649364144552,0.51172,0.5160269279124292,-0.0241723052933477,0.015976491318097925,0.021243470963450233,,,0.0111392735237322,0.0002103987673132,0.06065707400056719,
2022-09-15,2022-09-08,2022-09-09,17798.75,17896.25,17877.4,0.0044188496383172,0.0001279180540006,0.011090331470708,5,0.50614,Bull,Bull,1,1,1772.048309120552,887.0192799050512,0.50614,0.5097892271202851,0.0145900312378868,0.009168282991008476,0.021254448052686874,,,0.011090331470708,0.0001279180540006,-0.02303901094311256,
2022-09-22,2022-09-15,2022-09-16,17877.4,17661.1,17629.8,-0.0138498886862744,0.0001144283487047,0.0111114315864053,5,0.50552,Bull,Bear,0,1,2937.4313653345525,2560.3284352475516,0.50552,0.5087405028434681,0.0044188496383172,0.005389750643658525,0.021446194433861674,0.0036271697156418925,0.028916696342653272,0.0111114315864053,0.0001144283487047,0.014590031237886825,
2022-09-29,2022-09-22,2022-09-23,17629.8,17481.65,16818.1,-0.0460413617851592,1.0062921266746312e-05,0.0111965758029399,5,0.49466,Bear,Bear,1,1,-17993.079157912453,2369.933100605052,0.49466,0.5007628819839545,-0.0138498886862744,-0.004753328275854524,0.022652015810960935,0.003224255208608726,0.029141669313885493,0.0111965758029399,1.0062921266746312e-05,0.00441884963831729,
2022-10-13,2022-10-06,2022-10-07,17331.8,17325.35,17014.35,-0.0183160433422957,-6.50264135286065e-05,0.0113953471284404,5,0.49246,Bear,Bear,1,1,3679.2318628440507,958.2596305280513,0.49246,0.4951564146137272,-0.0460413617851592,-0.010220592398807399,0.029048822515209394,0.005038915456493125,0.024647128745395264,0.0113953471284404,-6.50264135286065e-05,-0.013849888686274459,
2022-10-20,2022-10-13,2022-10-14,17014.35,17296.4,17563.95,0.0323021449541123,-0.0001769804358016,0.0113991397865258,5,0.47874,Bear,Bull,0,1,2153.720624950552,4528.696898438552,0.47874,0.4868244919243988,-0.0183160433422957,-0.018447111043853024,0.025034922797033392,0.002448980735173284,0.025383579710362408,0.0113991397865258,-0.0001769804358016,-0.016903197994305064,
2022-11-03,2022-10-27,2022-10-28,17736.95,17799.3,18052.7,0.0178018204933767,-9.749023247308168e-05,0.0113985726770158,5,0.48878,Bear,Bull,0,1,1681.2383718245524,3827.7198722150515,0.48878,0.4927406501740615,0.0323021449541123,-0.011476287214904249,0.027116743010060073,0.003943053277035834,0.026645523090030515,0.0113985726770158,-9.749023247308168e-05,-0.01831604334229575,
2022-11-17,2022-11-10,2022-11-11,18028.2,18293.95,18343.9,0.0175114542771879,4.4046174413068526e-05,0.0113152381492218,5,0.50098,Bull,Bull,1,1,772.033888267051,391.8740645415511,0.50098,0.5033041273223088,0.0178018204933767,-0.003563359919991475,0.025872760686083345,0.0035642420934392928,0.026391184288176436,0.0113152381492218,4.4046174413068526e-05,0.04247003264891114,
2022-11-24,2022-11-17,2022-11-18,18343.9,18296.65,18484.1,0.0076428676562778,0.0001030648029069,0.0113464471423707,5,0.50202,Bull,Bull,1,1,775.3583160295517,472.6316743770513,0.50202,0.5077096295621406,0.0175114542771879,0.012324844095595299,0.025460411176765042,0.006026914338295276,0.02618062585233441,0.0113464471423707,0.0001030648029069,0.01642052325794463,
2022-12-01,2022-11-24,2022-11-25,18484.1,18464.3,18812.5,0.0177666210418685,0.0001575076657139,0.0113360486109091,5,0.50846,Bull,Bull,1,1,400.23149026755095,-368.4485495354485,0.50846,0.5117916620577415,0.0076428676562778,0.018814571845238673,0.025047833869972582,0.0031785812641313763,0.02367119866465753,0.0113360486109091,0.0001575076657139,0.01751145427718792,
2022-12-08,2022-12-01,2022-12-02,18812.5,18713.35,18609.35,-0.0107986710963455,0.0003958473223447,0.011103323154889,5,0.52584,Bull,Bear,0,1,487.50418856605086,725.3885341350517,0.52584,0.530223314378437,0.0177666210418685,0.015180690867177726,0.02580340316482826,0.0030313847653106684,0.023565511558351186,0.011103323154889,0.0003958473223447,0.007642867656277863,0.8974952509351668
2022-12-15,2022-12-08,2022-12-09,18609.35,18626.05,18414.9,-0.0104490484621976,0.0003132803080917,0.0110365783114376,5,0.52158,Bull,Bear,0,1,2655.6271572660507,68.75850070555083,0.52158,0.5240750819699894,-0.0107986710963455,0.008030567969747177,0.02555955091923255,-9.537340869960702e-05,0.02260601739740593,0.0110365783114376,0.0003132803080917,0.017766621041868547,2.1341722862735163e-07
2022-12-22,2022-12-15,2022-12-16,18414.9,18379.45,18127.35,-0.015615072577098,0.0001996576694253,0.0109383094574545,5,0.51492,Bull,Bear,0,1,4166.734016664552,305.4039686150511,0.51492,0.5154885224280608,-0.0104490484621976,0.0010404422849008012,0.017908737917315197,0.0010482313272295678,0.02160210049744949,0.0109383094574545,0.0001996576694253,-0.01079867109634558,2.2949159644341742e-08
2022-12-29,2022-12-22,2022-12-23,18127.35,17973.55,18191.0,0.0035112688837586,0.0002582518685307,0.0109199376339638,5,0.51756,Bull,Bull,1,1,1478.360089146052,4466.171204656052,0.51756,0.5200631614117706,-0.015615072577098,-0.004774042773443149,0.017388017841697124,-0.0014688606573524988,0.021640480864264372,0.0109199376339638,0.0002582518685307,-0.01044904846219763,7.501925444095559e-11
2023-01-05,2022-12-29,2022-12-30,18191.0,18246.85,17992.15,-0.0109312297289867,0.0002678295964864,0.0108740929271238,5,0.51716,Bull,Bear,0,1,4265.919620649552,333.97398721555106,0.51716,0.5208939734227578,0.0035112688837586,-0.008337880812970625,0.014070878773124537,-0.001544492386899049,0.021619609045790012,0.0108740929271238,0.0002678295964864,-0.015615072577098044,0.05639487418465001
2023-01-12,2023-01-05,2023-01-06,17992.15,17971.45,17858.2,-0.0074449134761549,0.000143292234578,0.0108755620998797,5,0.50376,Bull,Bear,0,1,687.9092884220511,718.739678610051,0.50376,0.5111818694978583,-0.0109312297289867,-0.008371020471130924,0.013532662390938035,-0.0013012708071250738,0.021484583536749213,0.0108755620998797,0.000143292234578,0.0035112688837586337,3.378394671669019e-08
2023-01-19,2023-01-12,2023-01-13,17858.2,17782.35,18107.85,0.0139795724093132,1.012341451875684e-05,0.0108480088025207,5,0.49564,Bear,Bull,0,1,1224.606056744052,3744.8615359855517,0.49564,0.5007921281962161,-0.0074449134761549,-0.007619986724620249,0.011614998746805555,0.0019150998852919508,0.016485224090826946,0.0108480088025207,1.012341451875684e-05,-0.010931229728986747,1.4306540554071207e-06
2023-02-02,2023-01-25,2023-01-27,17891.95,17741.75,17610.4,-0.0157361271409767,3.0043994622821597e-05,0.010820116843299,5,0.49998,Bear,Bear,1,1,3520.3113833925504,3535.2249520040514,0.49998,0.5023569004329071,0.0139795724093132,-0.00022132547801744906,0.012638070558475299,0.004606401197926026,0.015488188621408659,0.010820116843299,3.0043994622821597e-05,-0.007444913476154946,0.7141613467044243
2023-02-09,2023-02-02,2023-02-03,17610.4,17683.85,17893.45,0.0160728887475583,0.0001162585100085,0.0106968288699237,5,0.50624,Bull,Bull,1,1,1723.312832389052,751.1874341840513,0.50624,0.5092243817480728,-0.0157361271409767,-0.005033174484201274,0.010298098539147642,0.0006032118566686092,0.013794537102790511,0.0106968288699237,0.0001162585100085,0.0018898881186233396,1.7907665138906022e-40
2023-02-16,2023-02-09,2023-02-10,17893.45,17824.6,18035.85,0.0079582193484206,8.453511151909585e-05,0.0106269623175628,5,0.5024,Bull,Bull,1,1,493.79430515205104,2521.4415707115513,0.5024,0.5067517968807825,0.0160728887475583,0.0017178551349349759,0.012834792621380152,0.00045913421118374257,0.013606320243774547,0.0106269623175628,8.453511151909585e-05,-0.01573612714097672,0.8573445659064397
2023-02-23,2023-02-16,2023-02-17,18035.85,18015.8,17511.25,-0.0290865138044504,0.0001481882578023,0.0105223534239918,5,0.50818,Bull,Bear,0,1,-8596.48237069845,42.52181754455103,0.50818,0.5119518089608439,0.0079582193484206,0.005568638341078851,0.013024082695800035,-0.00033696869954686574,0.01277177554562486,0.0105223534239918,0.0001481882578023,0.0160728887475583,0.0007289914544670968
2023-03-02,2023-02-23,2023-02-24,17511.25,17547.4,17321.9,-0.010813048754372,5.360282321304335e-05,0.0102234574591913,5,0.5018,Bull,Bear,0,1,2637.9105606735516,376.1518132370515,0.5018,0.50445037688183,-0.0290865138044504,-0.005197883212362049,0.01576280576410928,-0.0033977504879408823,0.014908017031923099,0.0102234574591913,5.360282321304335e-05,0.00795821934842067,1.6988081514422058e-104
2023-03-16,2023-03-09,2023-03-10,17589.6,17379.3,16985.6,-0.0343384727338882,0.0003154805726898,0.0096163704155368,5,0.52676,Bull,Bear,0,1,-3218.8073402434493,292.85413704805103,0.52676,0.527817188173997,-0.010813048754372,-0.003967113615710874,0.015768778406289166,-0.005779389637627592,0.013429033187029331,0.0096163704155368,0.0003154805726898,-0.029086513804450487,8.926263177285941e-38
2023-03-23,2023-03-16,2023-03-17,16985.6,17053.65,17076.9,0.0053751412961569,8.385148375372984e-05,0.0094278058555259,5,0.50612,Bull,Bull,1,1,1723.750615501052,932.2844011700518,0.50612,0.5075489166139835,-0.0343384727338882,-0.0165699539860725,0.01897765687964056,-0.0077410397740894825,0.015747956408731563,0.0094278058555259,8.385148375372984e-05,0.0044742665429367,1.3583332161275637e-130
2023-04-27,2023-04-20,2023-04-21,17624.45,17607.0,17915.05,0.0164884577958459,2.1255278695546406e-05,0.0090732180548107,5,0.49684,Bear,Bull,0,1,257.99400186155094,2195.112581738551,0.49684,0.501988483225102,0.0053751412961569,-0.017215723499138424,0.019509653753190047,-0.0064223572942266076,0.01615778240461756,0.0090732180548107,2.1255278695546406e-05,-0.03433847273388824,0.038691284901054494
2023-05-11,2023-05-04,2023-05-05,18255.8,18186.25,18297.0,0.0022568170115799,0.0002738619741204,0.008811431905164,5,0.5221,Bull,Bull,1,1,199.55885628755115,-85.58495583444872,0.5221,0.5263563257198224,0.0164884577958459,-0.0058219805990643485,0.01988991600656369,-0.003747063096481282,0.017126073423213605,0.008811431905164,0.0002738619741204,0.037611270723436396,0.8579221534529696
2023-05-18,2023-05-11,2023-05-12,18297.0,18234.25,18129.95,-0.0091299120074328,0.0003665391062266,0.0086880867517541,5,0.5337,Bull,Bear,0,1,594.005975561551,8.02042129705137,0.5337,0.5357472793479059,0.0022568170115799,-0.0025545141575763746,0.019583303296730064,-0.0038516007524961745,0.01708151141819353,0.0086880867517541,0.0003665391062266,0.035822394457699414,8.63283861992976e-13
2023-05-25,2023-05-18,2023-05-19,18129.95,18090.8,18321.15,0.0105460853449679,0.0005438457376886,0.0085042936203132,5,0.55206,Bull,Bull,1,1,422.67556094905103,1490.5222879935511,0.55206,0.5540611579112606,-0.0091299120074328,0.003747626024037476,0.017991255755222403,-0.0037014909423666825,0.017021450059548384,0.0085042936203132,0.0005438457376886,0.0022568170115799813,3.1523470742121615e-41
2023-06-01,2023-05-25,2023-05-26,18321.15,18379.45,18487.75,0.0090933156488537,0.0005851247236687,0.0081804367342706,5,0.55986,Bull,Bull,1,1,493.6301364850508,-137.6083784024487,0.55986,0.5604055473831278,0.0105460853449679,0.005040362036240226,0.018307020439797133,-0.0022022410406064494,0.01744871601946819,0.0081804367342706,0.0005851247236687,-0.00912991200743285,0.0627534595036694
2023-06-08,2023-06-01,2023-06-02,18487.75,18503.0,18634.55,0.0079403929629078,0.0005315134944924,0.0079846208934781,5,0.55802,Bull,Bull,1,1,325.4417400050509,127.12068242755106,0.55802,0.5562549007005234,0.0090933156488537,0.0031915764994921757,0.01632409650934827,-0.0026094291039780748,0.01709009145934856,0.0079846208934781,0.0005315134944924,0.010546085344967926,0.6535352927018547
2023-06-15,2023-06-08,2023-06-09,18634.55,18658.65,18688.1,0.0028736942936642,0.0004521006473843,0.0078729521547916,5,0.5472,Bull,Bull,1,1,216.15667381605118,-173.84874645594897,0.5472,0.5485833607265741,0.0079403929629078,0.00461247048732415,0.016110459725241413,-0.0006363857619876992,0.01680112883359552,0.0078729521547916,0.0004521006473843,0.00909331564885374,0.6861868405355095
2023-06-22,2023-06-15,2023-06-16,18688.1,18757.3,18771.25,0.0044493554721989,0.0004994235360565,0.0078476908559145,5,0.55434,Bull,Bull,1,1,193.56667543055116,-212.56837765294873,0.55434,0.5538012119766269,0.0028736942936642,0.007613372062598401,0.007524071946274873,-0.001736318633145541,0.01602174604723474,0.0078476908559145,0.0004994235360565,0.007940392962907827,0.37938351147780924
2023-07-06,2023-06-28,2023-06-30,18972.1,19077.7,19497.3,0.0276827552036937,0.0008243599439012,0.0073443182733713,5,0.5957,Bull,Bull,1,1,516.6396770195508,-3146.4938374754483,0.5957,0.5940936713390823,0.0044493554721989,0.006089189594406151,0.007536548535389962,-0.002028723956164016,0.015859933214949516,0.0073443182733713,0.0008243599439012,0.002873694293664242,0.520606087648112
2023-07-13,2023-07-06,2023-07-07,19497.3,19520.75,19413.75,-0.0042852087212075,0.0008346151510291,0.0073332553639101,5,0.59844,Bull,Bear,0,1,603.766447614051,139.96844972355106,0.59844,0.5953747190667014,0.0276827552036937,0.010736549483116151,0.010363473591623115,0.0027020484611813256,0.015518311200951344,0.0073332553639101,0.0008346151510291,0.01519683648953074,0.2226969348630401
2023-07-20,2023-07-13,2023-07-14,19413.75,19452.05,19979.15,0.0291236881076557,0.0007699625355231,0.0073244893454451,5,0.59064,Bull,Bull,1,1,270.61071695955104,-11744.101594479951,0.59064,0.5882569063113957,-0.0042852087212075,0.0076801490620873256,0.01102496699672492,0.003246035130611701,0.015110534134275223,0.0073244893454451,0.0007699625355231,0.027682755203693787,0.02467057759165616
2023-07-27,2023-07-20,2023-07-21,19979.15,19867.8,19659.9,-0.015979158272499,0.000889631182008,0.007298360566592,5,0.6027,Bull,Bear,0,1,1024.9488363710514,657.490852237552,0.6027,0.6019569849746969,0.0291236881076557,0.0142426475155852,0.011726216073701288,0.008534548534073693,0.011413898481534603,0.007298360566592,0.000889631182008,-0.004285208721207523,0.9752394575718837
2023-08-03,2023-07-27,2023-07-28,19659.9,19646.15,19381.65,-0.0141531747363923,0.0006903087646127,0.0072725709424739,5,0.578,Bull,Bear,0,1,3804.728572643551,434.33158532905105,0.578,0.5798520212380898,-0.015979158272499,0.009135519079410726,0.015111160785718423,0.006755023570019034,0.013436677491599556,0.0072725709424739,0.0006903087646127,0.029123688107655754,0.03632132420644423
2023-08-10,2023-08-03,2023-08-04,19381.65,19455.9,19543.1,0.0083300441396887,0.0006047981727684,0.0072602470432732,5,0.57146,Bull,Bull,1,1,519.495920065051,175.85615915905106,0.57146,0.5702229019433831,-0.0141531747363923,-0.001323463405610775,0.016913330993509838,0.004201554192332518,0.01430244056218814,0.0072602470432732,0.0006047981727684,-0.015979158272499072,0.2941169690206804
2023-08-24,2023-08-17,2023-08-18,19365.25,19267.4,19386.7,0.0011076541743586,0.0003940301447688,0.0071409489718642,5,0.54798,Bull,Bull,1,1,325.49038257305097,120.74544134755106,0.54798,0.5466952694052902,0.0083300441396887,0.001830349809613275,0.016924531449364618,0.004707656453008251,0.014334784835079434,0.0071409489718642,0.0003940301447688,-0.014153174736392327,0.5011938910565292
2023-08-31,2023-08-24,2023-08-25,19386.7,19333.55,19253.8,-0.006855215173289,0.0003041075300517,0.0071148340429847,5,0.5365,Bull,Bear,0,1,438.3187680805511,34.178060285051146,0.5365,0.5362150293396005,0.0011076541743586,-0.0051736586737109996,0.016964051035264542,0.005560786968157534,0.013728187175385473,0.0071148340429847,0.0003041075300517,-0.0008461611885469678,0.890359832749934
2023-09-07,2023-08-31,2023-09-01,19253.8,19309.65,19727.05,0.0245795635147347,0.0003739108251416,0.0070178437414985,5,0.54648,Bull,Bull,1,1,361.548340996551,-5111.863145565949,0.54648,0.5450975335823436,-0.006855215173289,-0.0028926728989084995,0.017436403888764204,0.004110678591636126,0.01406854806740355,0.0070178437414985,0.0003739108251416,0.001107654174358652,0.927925081766707
2023-09-14,2023-09-07,2023-09-08,19727.05,19776.3,20103.1,0.0190626576198671,0.0004664212730233,0.0067673503400746,5,0.55718,Bull,Bull,1,1,429.0204004240508,3003.6098242135513,0.55718,0.5582267247964795,0.0245795635147347,0.006790511663873251,0.016836127373099058,0.00540119924712621,0.015229539917772905,0.0067673503400746,0.0004664212730233,-0.00685521517328902,0.8948362993494917
2023-09-28,2023-09-21,2023-09-22,19742.35,19677.75,19523.55,-0.0110827738339154,0.0003937647985606,0.0067830754228772,5,0.54606,Bull,Bear,0,1,797.705101575051,302.40787818655105,0.54606,0.5491098949043138,0.0190626576198671,0.00947366503391785,0.017457801884058557,0.006328054635206151,0.01572839631308561,0.0067830754228772,0.0003937647985606,0.02457956351473478,0.6838022517654707
2023-10-12,2023-10-05,2023-10-06,19545.75,19603.9,19794.0,0.0127009707992786,0.0005868926950062,0.0064511143328053,5,0.57786,Bull,Bull,1,1,413.10357884755103,-28.31115157144896,0.57786,0.5765894698800067,-0.0110827738339154,0.006426058031849352,0.01540170254078609,0.005165015624574518,0.01650393722205616,0.0064511143328053,0.0005868926950062,0.000775584793468731,0.0066943696555913975
2023-10-19,2023-10-12,2023-10-13,19794.0,19711.75,19624.7,-0.0085530968980498,0.0005271265754468,0.0062234165858725,5,0.57372,Bull,Bear,0,1,542.444657389551,97.90006948005106,0.57372,0.5713846361894057,0.0127009707992786,0.011315104524991251,0.014281509261694218,0.005852650235164493,0.01664272633034557,0.0062234165858725,0.0005271265754468,-0.009958287640529084,0.5675944290111163
2023-11-02,2023-10-26,2023-10-27,18857.25,19001.6,19133.25,0.0146362804756792,0.0002936381717831,0.0062160741276947,5,0.5404,Bull,Bull,1,1,1053.4823730455512,657.3023622865512,0.5404,0.5400080678980881,-0.0085530968980498,0.0030319394217951257,0.013360321196432805,0.0028329958933525344,0.015574851688117371,0.0062160741276947,0.0002936381717831,0.012700970799278677,0.006599066347591024
2023-11-09,2023-11-02,2023-11-03,19133.25,19250.75,19395.3,0.0136960526831562,0.0003007048610863,0.0062446488103507,5,0.53892,Bull,Bull,1,1,439.26121783555107,-9.386078924448952,0.53892,0.5407798735645226,0.0146362804756792,0.0019253451357481512,0.013770592751330362,0.00440978665975976,0.015745560750197323,0.0062446488103507,0.0003007048610863,-0.04732494695362233,0.6098869549884472
2023-11-16,2023-11-09,2023-11-10,19395.3,19336.35,19765.2,0.0190716307559049,0.0002846647245897,0.0062095881483167,5,0.53974,Bull,Bull,1,1,199.21227799055106,-4231.91882155395,0.53974,0.5388309808573295,0.0136960526831562,0.00812005176501605,0.013889645576276971,0.0031241503743848014,0.014086657132005194,0.0062095881483167,0.0002846647245897,0.01463628047567922,0.67711909017702
2023-11-23,2023-11-16,2023-11-17,19765.2,19792.65,19802.0,0.0018618582154492,0.0002948793254023,0.0061457278943285,5,0.54216,Bull,Bull,1,1,458.35045914955106,181.92738418905105,0.54216,0.5406341925455338,0.0190716307559049,0.009712716754172625,0.013125923038060613,0.0060450494600851265,0.013381734200482944,0.0061457278943285,0.0002948793254023,0.013696052683156212,0.704769506123692
2023-12-07,2023-11-30,2023-12-01,20133.15,20255.2,20901.15,0.0381460427205877,0.0003391143142585,0.0061110849779273,5,0.54842,Bull,Bull,1,1,1190.098580175551,-18694.446881527445,0.54842,0.5469582820722181,0.0018618582154492,0.012316455532547376,0.012062531378464782,0.007379635539405251,0.011900864371192752,0.0061110849779273,0.0003391143142585,0.0190716307559049,0.20511150924540952
2023-12-14,2023-12-07,2023-12-08,20901.15,20991.75,21182.7,0.0134705506634802,0.0004177882494895,0.0062557774542338,5,0.56034,Bull,Bull,1,1,713.823714570051,1059.3286261985513,0.56034,0.5564368539009885,0.0381460427205877,0.018193896093774503,0.015909776969565786,0.009864302087813501,0.014861548985235968,0.0062557774542338,0.0004177882494895,0.018616052455831422,0.9821368314064864
2023-12-21,2023-12-14,2023-12-15,21182.7,21285.45,21255.05,0.0034155230447487,0.00051397090562,0.0062821144553086,5,0.56962,Bull,Bull,1,1,759.4293338110508,800.1357221505513,0.56962,0.5689855399131465,0.0134705506634802,0.0181375205888555,0.013422382188711073,0.010894543461906969,0.014625977509799616,0.0062821144553086,0.00051397090562,0.03814604272058775,0.9829664059835461
2024-01-04,2023-12-28,2023-12-29,21778.7,21724.15,21658.6,-0.0055145623935314,0.0007125408159757,0.0062854436247436,5,0.59432,Bull,Bear,0,1,1869.2821300645523,2596.228305325052,0.59432,0.5950082045782292,0.0034155230447487,0.01422349366106645,0.013859032214801186,0.01175043831341011,0.013768219473316102,0.0062854436247436,0.0007125408159757,0.01347055066348024,0.980128477014426
2024-01-11,2024-01-04,2024-01-05,21658.6,21741.15,21647.2,-0.0005263498102369,0.0007073346984865,0.0061567093524296,5,0.59766,Bull,Bear,0,1,920.5554129380517,622.290219075051,0.59766,0.5962531995258435,-0.0055145623935314,0.0123793885088213,0.013244293982234607,0.009242594487721268,0.01395846100611085,0.0061567093524296,0.0007073346984865,0.028136167721772853,0.9617784382275865
2024-01-18,2024-01-11,2024-01-12,21647.2,21754.2,21462.25,-0.0085438301489338,0.000722702734389,0.0061321878266779,5,0.60194,Bull,Bear,0,1,4676.427981379551,870.7072374635511,0.60194,0.5986708687123145,-0.0005263498102369,0.0027112903761151498,0.01393685444488038,0.007610177201879269,0.013850651998720227,0.0061321878266779,0.000722702734389,-0.00551456239353143,0.9722663492871204
2024-01-25,2024-01-18,2024-01-19,21462.25,21640.6,21352.6,-0.005108970401519,0.0007211711008228,0.0062425619976331,5,0.60042,Bull,Bear,0,1,5555.341715493552,2114.386881332552,0.60042,0.5967724628021699,-0.0085438301489338,-0.00279230482698835,0.015344468088177653,0.0078217558422944,0.013555389795195945,0.0062425619976331,0.0007211711008228,-0.0005263498102369146,0.957455181501102
2024-02-08,2024-02-01,2024-02-02,21697.45,21925.15,21717.95,0.000944811487064,0.0007153661305224,0.0064683403506337,5,0.59376,Bull,Bull,1,1,4396.390131073052,2469.810353359552,0.59376,0.5927443458174858,-0.005108970401519,-0.004923428188555275,0.015158742141598213,0.006337594075561268,0.013942083535093321,0.0064683403506337,0.0007153661305224,-0.008543830148933895,0.9669001398172818
2024-02-15,2024-02-08,2024-02-09,21717.95,21678.25,21910.75,0.0088774492988519,0.0008306130862945,0.0063857104599967,5,0.61132,Bull,Bull,1,1,3821.2139287450514,3572.717866183552,0.61132,0.6085791310661335,0.000944811487064,-0.0033085847184064253,0.015186280785712436,0.007129086440987417,0.013273454474988813,0.0063857104599967,0.0008306130862945,0.010958776456336139,0.9801617146444555
2024-02-22,2024-02-15,2024-02-16,21910.75,22006.1,22217.45,0.0139976951952809,0.0008085671738664,0.0063387697837159,5,0.60886,Bull,Bull,1,1,2390.5241812060517,3608.745423002052,0.60886,0.6065474108522673,0.0088774492988519,-0.000957634941134225,0.007525753380126601,0.006649183842918477,0.013080053040830233,0.0063387697837159,0.0008085671738664,0.0009448114870640456,0.9882372700673864
2024-02-29,2024-02-22,2024-02-23,22217.45,22254.85,21982.8,-0.010561518086009,0.0008318495641254,0.0063432519221346,5,0.61594,Bull,Bear,0,1,5882.968877511553,2453.692881190052,0.61594,0.6094388687981949,0.0139976951952809,0.0046777463949194496,0.007653004247904621,0.006674320718928868,0.013095107828200276,0.0063432519221346,0.0008318495641254,0.008877449298851925,0.9908322111036075
2024-03-07,2024-02-29,2024-03-02,21982.8,22395.0,22493.55,0.0232340739123315,0.0008927039494106,0.0062907072913714,6,0.63534,Bull,Bull,1,1,2759.707468679052,1145.7987221250519,0.63534,0.6288536245958514,-0.010561518086009,0.00331460947379695,0.008550625451135645,0.004204891648769376,0.013336567035855094,0.0062907072913714,0.0008927039494106,0.013997695195280935,0.9608814404072852
2024-03-21,2024-03-14,2024-03-15,22146.65,21985.15,22011.95,-0.0060821839871945,0.0009142001000809,0.0063071990603032,5,0.62416,Bull,Bear,0,1,3138.0492764255523,1916.3455185210523,0.62416,0.6205122980182307,0.0232340739123315,0.008886925080113826,0.011736055520991702,0.005985909623509568,0.014381363871832259,0.0063071990603032,0.0009142001000809,-0.010561518086009025,0.9886348401286262
2024-04-25,2024-04-18,2024-04-19,21995.85,21869.75,22570.35,0.0261185632744358,0.0008371387112007,0.0062216193602119,5,0.61592,Bull,Bull,1,1,3802.6293540740526,-21477.154218826952,0.61592,0.6121885037357883,-0.0060821839871945,0.005147016758602224,0.012118432445959526,0.002300224064527718,0.010546060363313407,0.0062216193602119,0.0008371387112007,0.007453554597230738,0.9710183139600111
2024-05-09,2024-05-02,2024-05-03,22648.2,22767.7,21957.5,-0.030496904831289,0.0009528498732711,0.006273673655815,5,0.63342,Bull,Bear,0,1,-27288.657246917446,1362.1753664465518,0.63342,0.6260265511836611,0.0261185632744358,0.00817723377839095,0.013844947289021695,0.003354225115440685,0.012257166174269508,0.006273673655815,0.0009528498732711,-0.006809156238076763,0.9869064209691928
2024-05-16,2024-05-09,2024-05-10,21957.5,22108.25,22403.85,0.0203279061823977,0.0007326425756023,0.0063432236089625,5,0.59996,Bull,Bull,1,1,2442.4199170330517,5827.168067778052,0.59996,0.5967522156120937,-0.030496904831289,0.0031933870920709487,0.01886618507763611,0.0005281894591042093,0.01567475346978482,0.0063432236089625,0.0007326425756023,0.029657867279509587,0.39152141293807713
2024-05-23,2024-05-16,2024-05-17,22403.85,22407.2,22967.65,0.0251653175681858,0.0008035543932926,0.0063046508969423,5,0.60974,Bull,Bull,1,1,2095.8387885875522,-12550.732129384947,0.60974,0.6064626704273284,0.0203279061823977,0.0024668451595875,0.01975114288913954,0.002681728507098301,0.016521440689213397,0.0063046508969423,0.0008035543932926,-0.030496904831289084,0.6717396174665151
2024-05-30,2024-05-23,2024-05-24,22967.65,22944.85,22488.65,-0.0208554205589165,0.0009385771317729,0.0063439219389378,5,0.62522,Bull,Bear,0,1,-4176.53137560245,2933.1280058910525,0.62522,0.6229045341871098,0.0251653175681858,0.010278720548432575,0.020932364123614114,0.004822700788633526,0.017691171115387747,0.0063439219389378,0.0009385771317729,0.02032790618239777,0.589108937416878
2024-06-06,2024-05-30,2024-05-31,22488.65,22576.9,22821.4,0.0147963528268704,0.0008133119336881,0.006389110881012,5,0.6145,Bull,Bull,1,1,16245.661186461046,15990.802043461548,0.6145,0.6063351607842224,-0.0208554205589165,-0.0014647754099055,0.022965666046663932,0.0037967349211349677,0.01885548722851719,0.006389110881012,0.0008133119336881,0.025165317568185852,0.00027231745854890024
2024-06-13,2024-06-06,2024-06-07,22821.4,22978.3,23398.9,0.0253051960002452,0.0008356759589263,0.0079872908565647,5,0.59076,Bull,Bull,1,1,6667.807541952551,1533.1486970135525,0.59076,0.5878495129261923,0.0147963528268704,0.009858539004634351,0.022515860303648737,0.005455511856834085,0.01887635582266359,0.0079872908565647,0.0008356759589263,-0.020855420558916538,0.607337929145404
2024-06-27,2024-06-20,2024-06-21,23567.0,23610.55,24044.5,0.0202613824415496,0.00090610737627,0.0080577810199278,5,0.59952,Bull,Bull,1,1,1668.4210061335516,-5200.5130120594495,0.59952,0.594262599689524,0.0253051960002452,0.011102861459096225,0.022746146250596053,0.007485543899599184,0.01964155169350141,0.0080577810199278,0.00090610737627,0.014796352826870418,0.554775952396317
2024-07-04,2024-06-27,2024-06-28,24044.5,24134.45,24302.15,0.0107155482542786,0.0009644049089763,0.0080673811134416,5,0.60584,Bull,Bull,1,1,3329.417462428052,2000.1600219950524,0.60584,0.6000462246724629,0.0202613824415496,0.009876877677437175,0.022523062583278988,0.008434204994823993,0.019986771164811096,0.0080673811134416,0.0009644049089763,0.03267108941607422,0.6324569357038845
2024-07-11,2024-07-04,2024-07-05,24302.15,24187.75,24315.95,0.0005678509926076,0.0009825212098089,0.0080431880510042,5,0.60274,Bull,Bull,1,1,1428.6335200915519,1072.0912690005516,0.60274,0.6021689462693768,0.0107155482542786,0.01776961988073595,0.02159517947873224,0.008160692749740467,0.01992608074864817,0.0080431880510042,0.0009825212098089,0.020261382441549625,0.49316660650293725
2024-07-25,2024-07-18,2024-07-19,24800.85,24718.9,24406.1,-0.0159167931744275,0.0009778351853209,0.0080078233533932,5,0.60372,Bull,Bear,0,1,8832.79306501655,5581.710657892052,0.60372,0.6021318333870397,0.0005678509926076,0.014212494422170251,0.015618625755620688,0.009088140172958519,0.019222013414347056,0.0080078233533932,0.0009778351853209,0.010715548254278673,0.08924211108419051
2024-08-01,2024-07-25,2024-07-26,24406.1,24548.65,25010.9,0.0247806900733833,0.0008233266702821,0.008022665001736,5,0.5864,Bull,Bull,1,1,2112.0717868560523,-6133.20431683845,0.5864,0.5862048844579822,-0.0159167931744275,0.003906997128502075,0.01795211256762755,0.005825567915728602,0.019912879601493762,0.008022665001736,0.0008233266702821,0.020520818116915418,2.9983709571323452e-05
2024-08-08,2024-08-01,2024-08-02,25010.9,24739.25,24117.0,-0.0357404171781103,0.0009314537807387,0.0080338442448064,5,0.5966,Bull,Bear,0,1,-15007.496553583444,1748.661788684052,0.5966,0.597112058959936,0.0247806900733833,0.0050368240364605,0.01789849364654548,0.008397474087443417,0.020225717649063973,0.0080338442448064,0.0009314537807387,-0.015916793174427513,0.5952868894999086
2024-08-22,2024-08-14,2024-08-16,24143.75,24299.1,24811.5,0.0276572611959617,0.0008332711632555,0.0082833242651604,5,0.58824,Bull,Bull,1,1,2445.5254532395525,-9028.457329230447,0.58824,0.5845349974448631,-0.0357404171781103,-0.006577167321636725,0.02164392486895553,0.003242559049731243,0.02299232056274515,0.0082833242651604,0.0008332711632555,0.02478069007338335,5.8070602298621046e-11
2024-08-29,2024-08-22,2024-08-23,24811.5,24822.15,25151.95,0.0137214598069443,0.0009630526758167,0.0083261976077681,5,0.59782,Bull,Bull,1,1,1228.5628378905517,1019.3352412865518,0.59782,0.5968870702787603,0.0276572611959617,0.0001951852292018004,0.022867906234089005,0.008088739552002136,0.021300908059695825,0.0083261976077681,0.0009630526758167,-0.0346708834947963,0.6580590806405381
2024-09-05,2024-08-29,2024-08-30,25151.95,25224.9,25145.1,-0.0002723446889805,0.0010214162267782,0.0083229042875521,5,0.60534,Bull,Bear,0,1,1396.8241982225516,1287.884202506052,0.60534,0.6026299011423215,0.0137214598069443,0.00760474847454475,0.02190445276179172,0.007538202354047684,0.021039592048049078,0.0083229042875521,0.0010214162267782,0.02765726119596179,0.5798124212798503
2024-09-12,2024-09-05,2024-09-06,25145.1,24993.65,25388.9,0.0096957260062597,0.0010400889631106,0.0083141155841871,5,0.60338,Bull,Bull,1,1,2636.127518796052,-992.3146016759476,0.60338,0.6045562983943578,-0.0002723446889805,0.0013414897839537998,0.02115203707858552,0.005418397165950492,0.020373055590310454,0.0083141155841871,0.0010400889631106,0.013721459806944392,0.09168270063076103
2024-09-19,2024-09-12,2024-09-13,25388.9,25327.2,25415.8,0.0010595181358781,0.001024678125991,0.0084105250830627,5,0.60332,Bull,Bull,1,1,2567.8042144285514,952.6201082890518,0.60332,0.6019067774161104,0.0096957260062597,0.0127005255800463,0.021103214305196648,0.007964326046381844,0.018625193916605425,0.0084105250830627,0.001024678125991,-0.0002723446889805192,0.520565461277234
2024-09-26,2024-09-19,2024-09-20,25415.8,25586.7,26216.05,0.0314863195335184,0.0009370827978934,0.0083874592458618,5,0.59812,Bull,Bull,1,1,3093.246259556553,-16305.870437786947,0.59812,0.5936682268845397,0.0010595181358781,0.006051089815025399,0.02109562862935365,0.0068195898221324845,0.018589222348684275,0.0083874592458618,0.0009370827978934,0.009695726006259786,0.19281658602170085
2024-10-10,2024-10-03,2024-10-04,25250.1,25279.3,24998.45,-0.0099662971631794,0.0009816539818438,0.0085546640729219,5,0.60046,Bull,Bear,0,1,7222.907983140051,3201.2422976935504,0.60046,0.5961408193983158,0.0314863195335184,0.010492304746668924,0.021634126734516826,0.007334683449905251,0.01922284891466137,0.0085546640729219,0.0009816539818438,0.0010595181358781236,0.6691836556208607
2024-10-17,2024-10-10,2024-10-11,24998.45,24992.3,24749.85,-0.0099446165662271,0.0009764125057619,0.0085614702530103,5,0.59596,Bull,Bear,0,1,5846.474643800552,2019.7660905940515,0.59596,0.5955665625740922,-0.0099662971631794,0.008068816628119199,0.021512094580332996,0.004815710149511168,0.019355005906040404,0.0085614702530103,0.0009764125057619,-0.00651956656882724,0.018508314020067276
2024-10-24,2024-10-17,2024-10-18,24749.85,24645.45,24399.4,-0.014159681775849,0.0008866689163324,0.0085575214036959,5,0.58542,Bull,Bear,0,1,6221.9966904275525,2256.1805063055517,0.58542,0.5870171126960079,-0.0099446165662271,0.0031587309849974996,0.01574341207871995,0.00309402974780236,0.019698333441451752,0.0085575214036959,0.0008866689163324,-0.009966297163179427,0.01809993698034239
2024-10-31,2024-10-24,2024-10-25,24399.4,24252.0,24205.35,-0.0079530644196169,0.000864164940101,0.0085854064506376,5,0.58578,Bull,Bear,0,1,3468.7318242575516,2262.8172011885526,0.58578,0.5845834826498054,-0.014159681775849,-0.0006460689929342757,0.015190039949687196,0.0018667353504309766,0.02031904996853296,0.0085854064506376,0.000864164940101,-0.009944616566227138,0.002870920321440692
2024-11-14,2024-11-07,2024-11-08,24199.35,24191.85,23532.7,-0.0275482605937762,0.0009119960830785,0.0085872072466751,5,0.59038,Bull,Bear,0,1,-17276.66721231895,2722.5124902285525,0.59038,0.5891455525101406,-0.0079530644196169,-0.010505914981218101,0.014873572439724606,0.0025303794133318598,0.019809068647015336,0.0085872072466751,0.0009119960830785,-0.014159681775849031,0.015552907961025342
2024-11-28,2024-11-21,2024-11-22,23349.9,23499.75,23914.15,0.0241649857172836,0.0006794485545397,0.0086305166714448,5,0.56722,Bull,Bull,1,1,4019.1762473835515,-1131.9618243129485,0.56722,0.5664138382398352,-0.0275482605937762,-0.014901405838867302,0.017784529431834208,-0.0018303664755980984,0.02022115501376623,0.0086305166714448,0.0006794485545397,-0.008198972105871616,6.704987650614429e-06
2024-12-05,2024-11-28,2024-11-29,23914.15,24062.55,24708.4,0.0332125540736343,0.000746786073118,0.0088335165918163,5,0.5677,Bull,Bull,1,1,3607.8272945310523,-15624.361091580955,0.5677,0.5712513288059484,0.0241649857172836,-0.006374005267989627,0.01991646273429676,0.0031617504323513935,0.018401230772354192,0.0088335165918163,0.000746786073118,-0.03510218249663721,0.702150605286115
2024-12-12,2024-12-05,2024-12-06,24708.4,24688.05,24548.7,-0.0064633889689337,0.0008126014147628,0.0088581328290733,5,0.57928,Bull,Bear,0,1,6422.2042043625515,4823.969066545053,0.57928,0.5772184183434248,0.0332125540736343,0.005469053694381198,0.023460493232268485,0.0036246915054907766,0.01912900513494954,0.0088581328290733,0.0008126014147628,0.02416498571728365,0.6209229362326916
2024-12-19,2024-12-12,2024-12-13,24548.7,24382.45,23951.7,-0.0243190067091129,0.000638312374211,0.0087540164702118,5,0.56466,Bull,Bear,0,1,-3274.659808193949,2376.636679019052,0.56466,0.5615664704179302,-0.0064633889689337,0.005841472557051998,0.0203756107523192,0.0019426207741676095,0.01904773789042421,0.0087540164702118,0.000638312374211,0.033212554073634326,0.015708261387239932
2025-01-02,2024-12-26,2024-12-27,23750.2,23919.05,24188.65,0.0184608971713922,0.0004600950548893,0.0087991530365365,5,0.54588,Bull,Bull,1,1,2442.6813708360514,6017.376420294051,0.54588,0.5442629565914332,-0.0243190067091129,0.006648786028217823,0.021730650446059343,-6.126772751009035e-05,0.020510661712447604,0.0087991530365365,0.0004600950548893,-0.006463388968933725,1.9797291491142578e-05
2025-01-09,2025-01-02,2025-01-03,24188.65,24057.9,23526.5,-0.0273744090720234,0.0004164725672338,0.0088526451782276,5,0.53766,Bull,Bear,0,1,-8003.101540227448,3244.3078505810518,0.53766,0.5398448773695161,0.0184608971713922,0.005222763891744972,0.022931632118883497,0.000669163202917618,0.021038987610449027,0.0088526451782276,0.0004164725672338,-0.0325271806653713,0.6720159496706923
2025-01-16,2025-01-09,2025-01-10,23526.5,23369.6,23311.8,-0.0091258793275668,0.000328273179296,0.0089192328331931,5,0.53094,Bull,Bear,0,1,3977.1139474610522,4415.756051504051,0.53094,0.5311988808291337,-0.0273744090720234,-0.009923976894669452,0.024474003634969946,-0.0017003307310741735,0.022538743506412506,0.0089192328331931,0.000328273179296,0.01846089717139221,2.4733243350966807e-06
2025-01-23,2025-01-16,2025-01-17,23311.8,23226.4,23205.35,-0.0045663569522731,0.0002939823583848,0.0089577851656771,5,0.52202,Bull,Bear,0,1,3021.7079732045518,2097.527610001052,0.52202,0.5278273644721072,-0.0091258793275668,-0.010589599484327729,0.02451667560811935,-0.005084680636164607,0.02000973325009569,0.0089577851656771,0.0002939823583848,-0.027374409072023487,0.005515998249424888
2025-01-30,2025-01-23,2025-01-24,23205.35,23144.25,23249.5,0.0019025785002166,0.0003098701492204,0.0088659012467177,5,0.5269,Bull,Bull,1,1,4371.627950266053,3830.0441116845523,0.5269,0.5296309550080016,-0.0045663569522731,-0.005651437045117777,0.0224006270410837,-0.004634685618589081,0.01995060310201214,0.0088659012467177,0.0003098701492204,-0.00912587932756681,0.01978273944213665
2025-02-06,2025-01-30,2025-02-01,23249.5,23558.05,23603.35,0.015219682143702,0.0003377385488342,0.0088318326951775,6,0.53462,Bull,Bull,1,1,6561.707056143051,6459.440237235551,0.53462,0.5354958919633057,0.0019025785002166,-0.009791016712911677,0.020327467185984948,-0.0036474193630521064,0.019957081962534814,0.0088318326951775,0.0003377385488342,-0.004566356952273143,0.12202442829453751
2025-02-13,2025-02-06,2025-02-07,23603.35,23606.55,23031.4,-0.024231729818013,0.0003205463880919,0.0087991675971936,5,0.52996,Bull,Bear,0,1,-10879.08139385095,3706.4459208385515,0.52996,0.5308810704949,0.015219682143702,0.0008575060910196732,0.016467901739234722,-0.0011991390364228568,0.02034848054320742,0.0087991675971936,0.0003205463880919,0.0019025785002166895,0.5792489579753181
2025-02-20,2025-02-13,2025-02-14,23031.4,23050.5,22913.15,-0.0051342949191104,0.0002516762219917,0.0088073284979483,5,0.52318,Bull,Bear,0,1,2778.620380684052,2919.5262787910515,0.52318,0.5242360823294203,-0.024231729818013,-0.002918956531591877,0.017901250799305574,-0.002555694486289199,0.02135728336988641,0.0088073284979483,0.0002516762219917,0.015219682143702062,9.481747449511674e-06
2025-03-06,2025-02-27,2025-02-28,22545.05,22235.4,22544.7,-1.5524472112393717e-05,5.89338582451578e-05,0.0087981079747903,5,0.50076,Bull,Bear,0,1,1542.118580267052,4884.270870666051,0.50076,0.5056855824281943,-0.0051342949191104,-0.0030609410233012023,0.01643724632096409,-0.0006878640134003819,0.019903458844695826,0.0087981079747903,5.89338582451578e-05,-0.024231729818013026,0.018818502391577032
2025-03-13,2025-03-06,2025-03-07,22544.7,22548.85,22397.2,-0.0065425576743092,3.641732712599016e-05,0.0088343486765852,5,0.49946,Bear,Bear,1,1,1995.110290893052,1531.1481243355524,0.49946,0.5034990086081961,-1.5524472112393717e-05,-0.0035404667663834506,0.013870993077258895,-0.0027029065291833813,0.018319605887100025,0.0088343486765852,3.641732712599016e-05,-0.021116823119740946,0.07939838155865979
2025-03-27,2025-03-20,2025-03-21,23190.65,23263.75,23591.95,0.017304387759722,0.0001827894312682,0.0088452352842271,5,0.51576,Bull,Bull,1,1,1273.5117824635515,1713.5752228190515,0.51576,0.5175337633011775,-0.0065425576743092,-0.00898102672088625,0.011108244429858884,-0.006015832508178672,0.014412130075805977,0.0088452352842271,0.0001827894312682,-1.5524472112393717e-05,0.010053232605359617
2025-05-08,2025-04-30,2025-05-02,24334.2,24571.2,24273.8,-0.00248210337714,0.0003282328266096,0.0094684975140158,5,0.52352,Bull,Bear,0,1,7651.215000284551,4039.096984850052,0.52352,0.5293899158609338,0.017304387759722,0.0014030026735475003,0.01313283107918166,-0.004035184447457364,0.01590128980535866,0.0094684975140158,0.0003282328266096,0.028651966981153132,0.6097513481300358
2025-05-15,2025-05-08,2025-05-09,24273.8,24012.6,25062.1,0.0324753437863045,0.0002750682571802,0.009441418258955,5,0.52014,Bull,Bull,1,1,9925.12534277405,-40824.160812260954,0.52014,0.5247089156405258,-0.00248210337714,0.0020660505590401005,0.013066995526172905,-0.002215442503126289,0.014562099869040765,0.009441418258955,0.0002750682571802,0.04931082138706766,0.023631354629387816
2025-05-22,2025-05-15,2025-05-16,25062.1,24991.55,24609.7,-0.0180511609162838,0.0005247935636132,0.009771864262261,5,0.5429,Bull,Bear,0,1,1906.4605224455515,3568.3962657770517,0.5429,0.5454548128515482,0.0324753437863045,0.010188767623644323,0.017565520443474248,-0.001047571951883598,0.016766240024374903,0.009771864262261,0.0005247935636132,-0.0024821033771400547,0.6881875914328303
2025-05-29,2025-05-22,2025-05-23,24609.7,24795.45,24833.6,0.0090980385782841,0.0003726502185312,0.0097958732734757,5,0.52866,Bull,Bull,1,1,4394.759097220552,4639.644956932552,0.52866,0.5322440231410906,-0.0180511609162838,0.007311616813150674,0.018271227164659946,-0.00027063460557196433,0.01561162432683135,0.0097958732734757,0.0003726502185312,0.03247534378630457,0.00010933456878777794
2025-06-05,2025-05-29,2025-05-30,24833.6,24806.85,24750.9,-0.0033301655821144,0.0003099637730355,0.0097810760932345,5,0.52424,Bull,Bear,0,1,3879.5761104670514,5378.224343113552,0.52424,0.5268724534991893,0.0090980385782841,0.005260029517791198,0.015807971016599177,0.0012480252199156107,0.015558194863438964,0.0097810760932345,0.0003099637730355,-0.018051160916283893,0.40183913890547407
2025-06-12,2025-06-05,2025-06-06,24750.9,24713.25,24888.2,0.0055472730284555,0.0003803615654718,0.009766308884807,5,0.52948,Bull,Bull,1,1,3209.1984222335523,3632.8965560600523,0.52948,0.5330085908497161,-0.0033301655821144,0.005048013966547598,0.015682314060005642,0.0013510411674288356,0.015520242339504255,0.009766308884807,0.0003803615654718,0.009098038578284173,0.03653703779608403
2025-06-19,2025-06-12,2025-06-13,24888.2,24641.2,24793.25,-0.0038150609525799,0.0003440281877736,0.008523081125474,5,0.52876,Bull,Bear,0,1,4822.450494119553,3308.8446227900513,0.52876,0.5342065666057985,0.0055472730284555,-0.0016840037229146512,0.015624498287321978,0.0016547657114487442,0.015567607191229722,0.008523081125474,0.0003440281877736,-0.0033301655821144083,0.30125267287273555
2025-06-26,2025-06-19,2025-06-20,24793.25,24864.35,25549.0,0.0304820868583182,0.0002296921666383,0.0084604091401333,5,0.52098,Bull,Bull,1,1,2455.6081823050517,-20620.290891376946,0.52098,0.5230278683091341,-0.0038150609525799,0.0018750212680113236,0.015383189506776206,6.853712009191914e-05,0.01501990474021587,0.0084604091401333,0.0002296921666383,0.0055472730284555904,0.05605645975857106
2025-07-03,2025-06-26,2025-06-27,25549.0,25544.5,25405.3,-0.0056244862812634,0.0003315513824414,0.0085440244729673,5,0.53148,Bull,Bear,0,1,2872.985797940552,2298.631946772052,0.53148,0.5328892471734075,0.0304820868583182,0.007221033338019848,0.01749876811074778,0.004628021843119519,0.015275015683964258,0.0085440244729673,0.0003315513824414,-0.003815060952579996,0.7499393588689731
2025-07-10,2025-07-03,2025-07-04,25405.3,25414.05,25355.25,-0.0019700613651482,0.0002240571990732,0.0085227801809372,5,0.51742,Bull,Bear,0,1,1839.830464919052,2068.629254066552,0.51742,0.5222995689983325,-0.0056244862812634,0.006647453163232599,0.017755917177755737,0.004587172562940102,0.015304123674561534,0.0085227801809372,0.0002240571990732,0.030482086858318214,0.015448504525242376
2025-07-17,2025-07-10,2025-07-11,25355.25,25287.05,25111.45,-0.0096153656540558,0.0001647954710181,0.0085147352457052,5,0.51292,Bull,Bear,0,1,1260.688336451551,1172.655598028052,0.51292,0.516422162535609,-0.0019700613651482,0.004768119564831673,0.014196004031426006,0.004424294488520452,0.015367830513164045,0.0085147352457052,0.0001647954710181,-0.005624486281263441,0.07808839389373153
2025-07-24,2025-07-17,2025-07-18,25111.45,25040.3,25062.1,-0.0019652389646954,9.74724151498226e-05,0.0085182533969116,5,0.5069,Bull,Bear,0,1,1231.7534985910518,1207.8379902275515,0.5069,0.5097116533346789,-0.0096153656540558,0.0033180433894626983,0.01277488752780673,0.004168227156874902,0.015591156369477084,0.0085182533969116,9.74724151498226e-05,-0.0019700613651482124,0.008597367387460246
2025-07-31,2025-07-24,2025-07-25,25062.1,24928.85,24768.35,-0.011720885320863,8.851645842474797e-05,0.0085057009102529,5,0.50534,Bull,Bear,0,1,1435.483026209552,1185.7952207320516,0.50534,0.50883254281029,-0.0019652389646954,-0.004793788066290702,0.012567673494828726,0.002562424929840119,0.01509979893931404,0.0085057009102529,8.851645842474797e-05,-0.009615365654055852,0.0631365840504964
2025-08-07,2025-07-31,2025-08-01,24768.35,24696.55,24596.15,-0.0069524211342296,-1.0839728029315713e-05,0.008472186780078,5,0.49404,Bear,Bear,1,1,2247.630018132052,2052.9617256510514,0.49404,0.4989139720242728,-0.011720885320863,-0.006317887826190602,0.013328165032872357,0.0017925264345298687,0.015607387439769286,0.008472186780078,-1.0839728029315713e-05,-0.0019652389646954704,0.0030196991859826267
2025-08-14,2025-08-07,2025-08-08,24596.15,24477.15,24631.3,0.0014290854462994,8.818297200619453e-05,0.0082888337882323,5,0.50816,Bull,Bull,1,1,1661.8876767075524,1369.9612419985524,0.50816,0.5090294440060261,-0.0069524211342296,-0.007563477768460952,0.01333969894300139,-0.001493120642181306,0.012376624141102488,0.0082888337882323,8.818297200619453e-05,-0.011720885320863017,0.007780937274733106
2025-09-09,2025-09-02,2025-09-03,24579.6,24578.4,24868.6,0.0117577177822258,-7.559843211723994e-05,0.0082700522033431,5,0.48554,Bear,Bull,0,1,1108.264753523051,4085.7210333470516,0.48554,0.49224133306748125,0.0014290854462994,-0.004802364993372153,0.013332785605929907,0.00013023322136729382,0.011232001092416524,0.0082700522033431,-7.559843211723994e-05,-0.006952421134229669,0.09168417449032162
2025-09-16,2025-09-09,2025-09-10,24868.6,25000.45,25239.1,0.0148983054936746,-5.23271522875265e-05,0.0082719903937092,5,0.49068,Bear,Bull,0,1,1121.7509545240514,3574.0570446280517,0.49068,0.4946306889922899,0.0117577177822258,-0.0013716258066418523,0.007385413008112894,0.0003518731550291022,0.011449190948437597,0.0082719903937092,-5.23271522875265e-05,-0.0006728695344597746,0.41459591975647636
2025-09-23,2025-09-16,2025-09-17,25239.1,25320.35,25169.5,-0.0027576260643207,5.073764445696607e-05,0.0082459123837675,5,0.50224,Bull,Bear,0,1,685.460426883551,870.6768358585517,0.50224,0.5052226870412939,0.0148983054936746,0.005283171896992548,0.009606681604103785,0.0018709124113448522,0.012106629395372477,0.0082459123837675,5.073764445696607e-05,0.011757717782225896,0.4574029140728364
2025-09-30,2025-09-23,2025-09-24,25169.5,25091.7,24611.1,-0.0221855817556964,-3.2666590842793814e-05,0.0081756413381944,5,0.49198,Bear,Bear,1,1,-8282.342917505948,919.9595414800513,0.49198,0.4966084837034019,-0.0027576260643207,0.0063318706644697725,0.009627707350719017,0.0011788374869468356,0.012114736920220815,0.0081756413381944,-3.2666590842793814e-05,0.014898305493674657,0.05877049801836108
2025-11-04,2025-10-28,2025-10-29,25936.2,25983.6,25597.65,-0.0130531843523723,0.0001807873428553,0.0079838491303138,5,0.51522,Bull,Bear,0,1,-1559.303627265949,2596.313429819052,0.51522,0.5192110875940346,-0.0221855817556964,0.00042820386397082223,0.012031869371087463,-0.00035203924664620623,0.013840879567255524,0.0079838491303138,0.0001807873428553,-0.0027576260643207284,0.00030453125166647865
2025-11-18,2025-11-11,2025-11-12,25694.95,25859.4,25910.05,0.008371294748579,0.0002207901899485,0.0079339181547784,5,0.5198,Bull,Bull,1,1,1694.821857961552,1696.0728962630524,0.5198,0.5236034108895995,-0.0130531843523723,-0.005774521669678703,0.012626595204195753,-0.0039799785142037485,0.010268671922356044,0.0079339181547784,0.0002207901899485,0.030461471225093906,0.0022689491430896327
2025-11-25,2025-11-18,2025-11-19,25910.05,25920.15,25884.8,-0.0009745253289746,0.0002794487348004,0.0078238248291149,5,0.52622,Bull,Bear,0,1,1558.6434339435518,2035.853161158551,0.52622,0.5302794743428121,0.008371294748579,-0.007406274355952603,0.012771818796650132,-0.002813663428383548,0.010843632016499941,0.0078238248291149,0.0002794487348004,-0.009301671023511537,0.35280206472534825
2025-12-02,2025-11-25,2025-11-26,25884.8,26077.45,26032.2,0.0056944616145382,0.0003913626792423,0.0077658240340989,5,0.54604,Bull,Bull,1,1,1509.950519459052,1689.563888121052,0.54604,0.5426687282018728,-0.0009745253289746,-0.0069604991721160785,0.01255088959915718,-0.002730702092035748,0.010854475750120725,0.0077658240340989,0.0003913626792423,0.008371294748579006,0.10954314022116145
2025-12-09,2025-12-02,2025-12-03,26032.2,25951.5,25839.65,-0.0073966088152365,0.0002905115027541,0.0076136109994023,5,0.53246,Bull,Bear,0,1,1309.1684397010524,1651.0874697640515,0.53246,0.5323414764986788,0.0056944616145382,9.511670442572144e-06,0.012724922530223712,-0.0014548831529862481,0.010871431725762474,0.0076136109994023,0.0002905115027541,-0.0009745253289746847,0.3365568271978487
2025-12-16,2025-12-09,2025-12-10,25839.65,25878.25,25860.1,0.0007914193884204,0.0002182044731058,0.0075450143607127,5,0.5185,Bull,Bull,1,1,1140.6456255660514,1149.7007803825516,0.5185,0.5245278460937915,-0.0073966088152365,0.0014236555547265225,0.012026486164166312,-0.0019074973071980062,0.011006831066399577,0.0075450143607127,0.0002182044731058,0.005694461614538238,0.07208444929109707
2025-12-23,2025-12-16,2025-12-17,25860.1,25868.35,26177.15,0.0122602000765659,0.0001966124770512,0.0075484638593889,5,0.52326,Bull,Bull,1,1,901.4418503400514,2635.721694136552,0.52326,0.5220941274922055,0.0007914193884204,-0.00047131328531312757,0.01003471632507105,-0.0008648052480910562,0.010576941977839835,0.0075484638593889,0.0001966124770512,-0.007396608815236516,0.26563442377129365
2026-01-06,2025-12-30,2025-12-31,25938.85,25984.7,26178.7,0.0092467476391591,0.0003492621497633,0.0073864062205108,5,0.54004,Bull,Bull,1,1,396.75505448005094,353.22131687555105,0.54004,0.5400467897013592,0.0122602000765659,0.0028373680660719975,0.011573918217488136,0.0007362465194752354,0.011016660994208545,0.0073864062205108,0.0003492621497633,0.0007914193884204224,0.474795819617358
2026-01-13,2026-01-06,2026-01-07,26178.7,26138.95,25732.3,-0.0170520308495074,0.00040397970401,0.0073994974144839,5,0.5447,Bull,Bear,0,1,-3889.8964260339476,411.99696042555104,0.5447,0.5462045119427712,0.0092467476391591,0.0037254395722272227,0.008759420097116236,0.0013877183688802105,0.01128913649470663,0.0073994974144839,0.00040397970401,0.0030452318436511305,0.4213662003639726
2026-02-03,2026-01-27,2026-01-29,25175.4,25185.3,25727.55,0.0219321242164969,0.0003237187581818,0.0072706994194895,6,0.53912,Bull,Bull,1,1,5026.094897244052,-6880.759715616948,0.53912,0.5413018741576825,-0.0170520308495074,0.0013115840636594971,0.009786396297559077,-0.0010130940170975564,0.01192861834874264,0.0072706994194895,0.0003237187581818,0.009246747639159114,0.03847583730706199
2026-02-10,2026-02-03,2026-02-04,25727.55,25779.55,25935.15,0.0080691709859666,0.0004743022779207,0.0074739291075206,5,0.5558,Bull,Bull,1,1,3672.5768779750515,2953.202259207052,0.5558,0.5536513905505025,0.0219321242164969,0.006596760270678623,0.012078760782756175,-0.00042694245686236465,0.01291369538825364,0.0074739291075206,0.0004743022779207,-0.03832505051816937,0.6727464975179601
2026-02-17,2026-02-10,2026-02-11,25935.15,25943.2,25725.4,-0.0080874797331035,0.0003942802913391,0.0074352601077675,5,0.54552,Bull,Bear,0,1,3155.6579350645525,1162.5363870365516,0.54552,0.5448857945951708,0.0080691709859666,0.0055490029980287976,0.012070133254115682,0.000475290630661577,0.013112736270204506,0.0074352601077675,0.0003942802913391,0.02193212421649693,0.34076207541200737
2026-02-24,2026-02-17,2026-02-18,25725.4,25666.6,25424.65,-0.0116907803182846,0.0003489309291109,0.0074292129405941,5,0.54002,Bull,Bear,0,1,3631.653105904052,1903.7470443860525,0.54002,0.5397794679265059,-0.0080874797331035,0.001215446154963148,0.012787465897007688,0.0016501324658776521,0.011420178458842013,0.0074292129405941,0.0003489309291109,0.0080691709859666,0.10689330966150944
2026-03-10,2026-03-02,2026-03-04,24865.7,24325.8,24261.6,-0.0242945101083018,0.0003245173104507,0.0075510041127685,5,0.53884,Bull,Bear,0,1,12521.55080514505,9704.492473752549,0.53884,0.5364125350284248,-0.0116907803182846,0.002555758787768848,0.01333904865440463,0.0017636661353849607,0.01126645457694188,0.0075510041127685,0.0003245173104507,-0.00808747973310353,0.06313623550797834
2026-03-17,2026-03-10,2026-03-11,24261.6,24154.6,23581.15,-0.028046377815148,0.0003658738970071,0.0076655352549916,5,0.53888,Bull,Bear,0,1,-5777.586127470448,7424.387791988551,0.53888,0.540422204733483,-0.0242945101083018,-0.009000899793430826,0.0162720677303922,-0.0009584842693551063,0.013289467960559331,0.0076655352549916,0.0003658738970071,-0.033418333631352715,0.00554300290802805
2026-03-24,2026-03-17,2026-03-18,23581.15,23691.15,22912.4,-0.0283595159693229,0.0001769910298235,0.007865267604131,5,0.51946,Bull,Bear,0,1,-21188.897184306956,4743.241858314552,0.51946,0.519091355853712,-0.028046377815148,-0.018029786993709475,0.017686831080075766,-0.003214471976536223,0.01541955517114329,0.007865267604131,0.0001769910298235,-0.02429451010830186,0.0016189916092848441
2026-04-21,2026-04-13,2026-04-15,23842.65,24216.8,24576.6,0.0307830715126042,8.585390516523288e-05,0.0089276275578424,5,0.50928,Bull,Bull,1,1,6191.20870198855,3742.3078471790495,0.50928,0.5081621146124309,-0.0283595159693229,-0.023097796052764324,0.017977737120799493,-0.006052303441857982,0.016710514352013688,0.0089276275578424,8.585390516523288e-05,-0.02804637781514807,0.0011875045226236167
2026-04-28,2026-04-21,2026-04-22,24576.6,24382.9,23995.7,-0.0236363044522024,0.0003681419008623,0.0086342292012569,5,0.53356,Bull,Bear,0,1,3847.1553194930516,5177.2992212550525,0.53356,0.5361261775411257,0.0307830715126042,-0.012479333095042129,0.022928269449322677,-0.0028706634145379225,0.019783413348594903,0.0086342292012569,0.0003681419008623,0.01108936587062126,0.7450684702334355
2026-05-12,2026-05-05,2026-05-06,24032.8,24140.6,23379.55,-0.0271816018108584,-1.08137720708479e-06,0.0084273390225664,5,0.49666,Bear,Bear,1,1,-23500.362732549445,4442.052471699552,0.49666,0.49989108051019204,-0.0236363044522024,-0.012314781681017278,0.020859508608505647,-0.004906307067923156,0.020611763492948288,0.0084273390225664,-1.08137720708479e-06,0.030783071512604288,0.0009387076775423999
2026-05-19,2026-05-12,2026-05-13,23379.55,23371.15,23618.0,0.0101990842424255,-0.0001794620478196,0.0085643777415485,5,0.47826,Bear,Bull,0,1,6262.170714265553,10672.472297485552,0.47826,0.48222109420248555,-0.0271816018108584,-0.012098587679944879,0.020045805705966844,-0.008193123891875181,0.02076963375068575,0.0085643777415485,-0.0001794620478196,-0.022126738442258098,0.00038354241835896835
