expiry,model,p_up,prediction,pnl,actual
2023-12-14,gbm,0.56034,Bull,713.823714570051,Bull
2023-12-14,student_t,0.5564368539009885,Bull,713.823714570051,Bull
2023-12-14,hmm,0.9821368314064864,Bull,713.823714570051,Bull
2023-12-14,logistic,0.35362321712041134,Bear,1059.3286261985513,Bull
2023-12-14,boosted,0.13916322042887055,Bear,1059.3286261985513,Bull
2023-12-14,hybrid,0.5078400307141893,NoTrade,,Bull
2023-12-21,gbm,0.56962,Bull,759.4293338110508,Bull
2023-12-21,student_t,0.5689855399131465,Bull,759.4293338110508,Bull
2023-12-21,hmm,0.9829664059835461,Bull,759.4293338110508,Bull
2023-12-21,logistic,0.45414942080267806,NoTrade,,Bull
2023-12-21,boosted,0.6554725032389622,Bull,759.4293338110508,Bull
2023-12-21,hybrid,0.6653934674845832,Bull,759.4293338110508,Bull
2024-01-04,gbm,0.59432,Bull,1869.2821300645523,Bear
2024-01-04,student_t,0.5950082045782292,Bull,1869.2821300645523,Bear
2024-01-04,hmm,0.980128477014426,Bull,1869.2821300645523,Bear
2024-01-04,logistic,0.5434431674320928,NoTrade,,Bear
2024-01-04,boosted,0.6949736916326769,Bull,1869.2821300645523,Bear
2024-01-04,hybrid,0.7033883851643562,Bull,1869.2821300645523,Bear
2024-01-11,gbm,0.59766,Bull,920.5554129380517,Bear
2024-01-11,student_t,0.5962531995258435,Bull,920.5554129380517,Bear
2024-01-11,hmm,0.9617784382275865,Bull,920.5554129380517,Bear
2024-01-11,logistic,0.5418651756360762,NoTrade,,Bear
2024-01-11,boosted,0.39983651703432926,Bear,622.290219075051,Bear
2024-01-11,hybrid,0.6249333326059588,Bull,920.5554129380517,Bear
2024-01-18,gbm,0.60194,Bull,4676.427981379551,Bear
2024-01-18,student_t,0.5986708687123145,Bull,4676.427981379551,Bear
2024-01-18,hmm,0.9722663492871204,Bull,4676.427981379551,Bear
2024-01-18,logistic,0.6243272171258771,Bull,4676.427981379551,Bear
2024-01-18,boosted,0.6561485395218913,Bull,4676.427981379551,Bear
2024-01-18,hybrid,0.7128532436618009,Bull,4676.427981379551,Bear
2024-01-25,gbm,0.60042,Bull,5555.341715493552,Bear
2024-01-25,student_t,0.5967724628021699,Bull,5555.341715493552,Bear
2024-01-25,hmm,0.957455181501102,Bull,5555.341715493552,Bear
2024-01-25,logistic,0.42241393952242795,Bear,2114.386881332552,Bear
2024-01-25,boosted,0.22836262314778402,Bear,2114.386881332552,Bear
2024-01-25,hybrid,0.551251051743371,Bull,5555.341715493552,Bear
2024-02-08,gbm,0.59376,Bull,4396.390131073052,Bull
2024-02-08,student_t,0.5927443458174858,Bull,4396.390131073052,Bull
2024-02-08,hmm,0.9669001398172818,Bull,4396.390131073052,Bull
2024-02-08,logistic,0.3967738645636152,Bear,2469.810353359552,Bull
2024-02-08,boosted,0.27808009797665456,Bear,2469.810353359552,Bull
2024-02-08,hybrid,0.5586246120437593,Bull,4396.390131073052,Bull
2024-02-15,gbm,0.61132,Bull,3821.2139287450514,Bull
2024-02-15,student_t,0.6085791310661335,Bull,3821.2139287450514,Bull
2024-02-15,hmm,0.9801617146444555,Bull,3821.2139287450514,Bull
2024-02-15,logistic,0.34717674063101217,Bear,3572.717866183552,Bull
2024-02-15,boosted,0.1816651966980783,Bear,3572.717866183552,Bull
2024-02-15,hybrid,0.5293956957599198,NoTrade,,Bull
2024-02-22,gbm,0.60886,Bull,2390.5241812060517,Bull
2024-02-22,student_t,0.6065474108522673,Bull,2390.5241812060517,Bull
2024-02-22,hmm,0.9882372700673864,Bull,2390.5241812060517,Bull
2024-02-22,logistic,0.717030024314692,Bull,2390.5241812060517,Bull
2024-02-22,boosted,0.6723084544080894,Bull,2390.5241812060517,Bull
2024-02-22,hybrid,0.7460307899106088,Bull,2390.5241812060517,Bull
2024-02-29,gbm,0.61594,Bull,5882.968877511553,Bear
2024-02-29,student_t,0.6094388687981949,Bull,5882.968877511553,Bear
2024-02-29,hmm,0.9908322111036075,Bull,5882.968877511553,Bear
2024-02-29,logistic,0.7147072688372808,Bull,5882.968877511553,Bear
2024-02-29,boosted,0.7923262032027413,Bull,5882.968877511553,Bear
2024-02-29,hybrid,0.7768261379854562,Bull,5882.968877511553,Bear
2024-03-07,gbm,0.63534,Bull,2759.707468679052,Bull
2024-03-07,student_t,0.6288536245958514,Bull,2759.707468679052,Bull
2024-03-07,hmm,0.9608814404072852,Bull,2759.707468679052,Bull
2024-03-07,logistic,0.5754897256045015,Bull,2759.707468679052,Bull
2024-03-07,boosted,0.503360486708446,NoTrade,,Bull
2024-03-07,hybrid,0.667146319329021,Bull,2759.707468679052,Bull
2024-03-21,gbm,0.62416,Bull,3138.0492764255523,Bear
2024-03-21,student_t,0.6205122980182307,Bull,3138.0492764255523,Bear
2024-03-21,hmm,0.9886348401286262,Bull,3138.0492764255523,Bear
2024-03-21,logistic,0.5854104288434588,Bull,3138.0492764255523,Bear
2024-03-21,boosted,0.28286410924190103,Bear,1916.3455185210523,Bear
2024-03-21,hybrid,0.6193554190580542,Bull,3138.0492764255523,Bear
2024-04-25,gbm,0.61592,Bull,3802.6293540740526,Bull
2024-04-25,student_t,0.6121885037357883,Bull,3802.6293540740526,Bull
2024-04-25,hmm,0.9710183139600111,Bull,3802.6293540740526,Bull
2024-04-25,logistic,0.6839465966919812,Bull,3802.6293540740526,Bull
2024-04-25,boosted,0.7015140395846796,Bull,3802.6293540740526,Bull
2024-04-25,hybrid,0.7421668634931151,Bull,3802.6293540740526,Bull
2024-05-09,gbm,0.63342,Bull,-27288.657246917446,Bear
2024-05-09,student_t,0.6260265511836611,Bull,-27288.657246917446,Bear
2024-05-09,hmm,0.9869064209691928,Bull,-27288.657246917446,Bear
2024-05-09,logistic,0.5556210882305326,Bull,-27288.657246917446,Bear
2024-05-09,boosted,0.7743733913326326,Bull,-27288.657246917446,Bear
2024-05-09,hybrid,0.7357318629290047,Bull,-27288.657246917446,Bear
2024-05-16,gbm,0.59996,Bull,2442.4199170330517,Bull
2024-05-16,student_t,0.5967522156120937,Bull,2442.4199170330517,Bull
2024-05-16,hmm,0.39152141293807713,Bear,5827.168067778052,Bull
2024-05-16,logistic,0.6722030318322595,Bull,2442.4199170330517,Bull
2024-05-16,boosted,0.6859729847779716,Bull,2442.4199170330517,Bull
2024-05-16,hybrid,0.5866124112901004,Bull,2442.4199170330517,Bull
2024-05-23,gbm,0.60974,Bull,2095.8387885875522,Bull
2024-05-23,student_t,0.6064626704273284,Bull,2095.8387885875522,Bull
2024-05-23,hmm,0.6717396174665151,Bull,2095.8387885875522,Bull
2024-05-23,logistic,0.49832786080185615,NoTrade,,Bull
2024-05-23,boosted,0.8146395266155092,Bull,2095.8387885875522,Bull
2024-05-23,hybrid,0.6477924188278021,Bull,2095.8387885875522,Bull
2024-05-30,gbm,0.62522,Bull,-4176.53137560245,Bear
2024-05-30,student_t,0.6229045341871098,Bull,-4176.53137560245,Bear
2024-05-30,hmm,0.589108937416878,Bull,-4176.53137560245,Bear
2024-05-30,logistic,0.3010032197286709,Bear,2933.1280058910525,Bear
2024-05-30,boosted,0.2243171635445504,Bear,2933.1280058910525,Bear
2024-05-30,hybrid,0.43433346371930226,Bear,2933.1280058910525,Bear
2024-06-06,gbm,0.6145,Bull,16245.661186461046,Bull
2024-06-06,student_t,0.6063351607842224,Bull,16245.661186461046,Bull
2024-06-06,hmm,0.00027231745854890024,Bear,15990.802043461548,Bull
2024-06-06,logistic,0.4534054275482719,NoTrade,,Bull
2024-06-06,boosted,0.8599686363398924,Bull,16245.661186461046,Bull
2024-06-06,hybrid,0.4799953855327339,NoTrade,,Bull
2024-06-13,gbm,0.59076,Bull,6667.807541952551,Bull
2024-06-13,student_t,0.5878495129261923,Bull,6667.807541952551,Bull
2024-06-13,hmm,0.607337929145404,Bull,6667.807541952551,Bull
2024-06-13,logistic,0.16902618727853877,Bear,1533.1486970135525,Bull
2024-06-13,boosted,0.1920947501790226,Bear,1533.1486970135525,Bull
2024-06-13,hybrid,0.3890770948822894,Bear,1533.1486970135525,Bull
2024-06-27,gbm,0.59952,Bull,1668.4210061335516,Bull
2024-06-27,student_t,0.594262599689524,Bull,1668.4210061335516,Bull
2024-06-27,hmm,0.554775952396317,Bull,1668.4210061335516,Bull
2024-06-27,logistic,0.1365054651308015,Bear,-5200.5130120594495,Bull
2024-06-27,boosted,0.23319371951869572,Bear,-5200.5130120594495,Bull
2024-06-27,hybrid,0.3796844341838346,Bear,-5200.5130120594495,Bull
2024-07-04,gbm,0.60584,Bull,3329.417462428052,Bull
2024-07-04,student_t,0.6000462246724629,Bull,3329.417462428052,Bull
2024-07-04,hmm,0.6324569357038845,Bull,3329.417462428052,Bull
2024-07-04,logistic,0.2054364235256848,Bear,2000.1600219950524,Bull
2024-07-04,boosted,0.44184131174640984,Bear,2000.1600219950524,Bull
2024-07-04,hybrid,0.4699452239121105,NoTrade,,Bull
2024-07-11,gbm,0.60274,Bull,1428.6335200915519,Bull
2024-07-11,student_t,0.6021689462693768,Bull,1428.6335200915519,Bull
2024-07-11,hmm,0.49316660650293725,NoTrade,,Bull
2024-07-11,logistic,0.33040975428899677,Bear,1072.0912690005516,Bull
2024-07-11,boosted,0.7224326943744515,Bull,1428.6335200915519,Bull
2024-07-11,hybrid,0.5370445003589406,NoTrade,,Bull
2024-07-25,gbm,0.60372,Bull,8832.79306501655,Bear
2024-07-25,student_t,0.6021318333870397,Bull,8832.79306501655,Bear
2024-07-25,hmm,0.08924211108419051,Bear,5581.710657892052,Bear
2024-07-25,logistic,0.4168661668959435,Bear,5581.710657892052,Bear
2024-07-25,boosted,0.5105753370875556,NoTrade,,Bear
2024-07-25,hybrid,0.40470386211368237,Bear,5581.710657892052,Bear
2024-08-01,gbm,0.5864,Bull,2112.0717868560523,Bull
2024-08-01,student_t,0.5862048844579822,Bull,2112.0717868560523,Bull
2024-08-01,hmm,2.9983709571323452e-05,Bear,-6133.20431683845,Bull
2024-08-01,logistic,0.5521633883756095,Bull,2112.0717868560523,Bull
2024-08-01,boosted,0.839038089555181,Bull,2112.0717868560523,Bull
2024-08-01,hybrid,0.49435908652458604,NoTrade,,Bull
2024-08-08,gbm,0.5966,Bull,-15007.496553583444,Bear
2024-08-08,student_t,0.597112058959936,Bull,-15007.496553583444,Bear
2024-08-08,hmm,0.5952868894999086,Bull,-15007.496553583444,Bear
2024-08-08,logistic,0.48253060295395434,NoTrade,,Bear
2024-08-08,boosted,0.6482834481652141,Bull,-15007.496553583444,Bear
2024-08-08,hybrid,0.5808032498947533,Bull,-15007.496553583444,Bear
2024-08-22,gbm,0.58824,Bull,2445.5254532395525,Bull
2024-08-22,student_t,0.5845349974448631,Bull,2445.5254532395525,Bull
2024-08-22,hmm,5.8070602298621046e-11,Bear,-9028.457329230447,Bull
2024-08-22,logistic,0.7433100590271363,Bull,2445.5254532395525,Bull
2024-08-22,boosted,0.8547592968117846,Bull,2445.5254532395525,Bull
2024-08-22,hybrid,0.5456510883354636,NoTrade,,Bull
2024-08-29,gbm,0.59782,Bull,1228.5628378905517,Bull
2024-08-29,student_t,0.5968870702787603,Bull,1228.5628378905517,Bull
2024-08-29,hmm,0.6580590806405381,Bull,1228.5628378905517,Bull
2024-08-29,logistic,0.44078622262378586,Bear,1019.3352412865518,Bull
2024-08-29,boosted,0.4851248183235219,NoTrade,,Bull
2024-08-29,hybrid,0.5452142979666516,NoTrade,,Bull
2024-09-05,gbm,0.60534,Bull,1396.8241982225516,Bear
2024-09-05,student_t,0.6026299011423215,Bull,1396.8241982225516,Bear
2024-09-05,hmm,0.5798124212798503,Bull,1396.8241982225516,Bear
2024-09-05,logistic,0.4902308472805562,NoTrade,,Bear
2024-09-05,boosted,0.8212197743724646,Bull,1396.8241982225516,Bear
2024-09-05,hybrid,0.6234732360187982,Bull,1396.8241982225516,Bear
2024-09-12,gbm,0.60338,Bull,2636.127518796052,Bull
2024-09-12,student_t,0.6045562983943578,Bull,2636.127518796052,Bull
2024-09-12,hmm,0.09168270063076103,Bear,-992.3146016759476,Bull
2024-09-12,logistic,0.557321431576643,Bull,2636.127518796052,Bull
2024-09-12,boosted,0.744973947076165,Bull,2636.127518796052,Bull
2024-09-12,hybrid,0.49963359441948174,NoTrade,,Bull
2024-09-19,gbm,0.60332,Bull,2567.8042144285514,Bull
2024-09-19,student_t,0.6019067774161104,Bull,2567.8042144285514,Bull
2024-09-19,hmm,0.520565461277234,NoTrade,,Bull
2024-09-19,logistic,0.39783350284640945,Bear,952.6201082890518,Bull
2024-09-19,boosted,0.45724837036602056,NoTrade,,Bull
2024-09-19,hybrid,0.4943885279764436,NoTrade,,Bull
2024-09-26,gbm,0.59812,Bull,3093.246259556553,Bull
2024-09-26,student_t,0.5936682268845397,Bull,3093.246259556553,Bull
2024-09-26,hmm,0.19281658602170085,Bear,-16305.870437786947,Bull
2024-09-26,logistic,0.5386338400141727,NoTrade,,Bull
2024-09-26,boosted,0.7373945794363037,Bull,3093.246259556553,Bull
2024-09-26,hybrid,0.5156283080891793,NoTrade,,Bull
2024-10-10,gbm,0.60046,Bull,7222.907983140051,Bear
2024-10-10,student_t,0.5961408193983158,Bull,7222.907983140051,Bear
2024-10-10,hmm,0.6691836556208607,Bull,7222.907983140051,Bear
2024-10-10,logistic,0.4437106228441949,Bear,3201.2422976935504,Bear
2024-10-10,boosted,0.7253587354460662,Bull,7222.907983140051,Bear
2024-10-10,hybrid,0.6085984583273594,Bull,7222.907983140051,Bear
2024-10-17,gbm,0.59596,Bull,5846.474643800552,Bear
2024-10-17,student_t,0.5955665625740922,Bull,5846.474643800552,Bear
2024-10-17,hmm,0.018508314020067276,Bear,2019.7660905940515,Bear
2024-10-17,logistic,0.6412975363282036,Bull,5846.474643800552,Bear
2024-10-17,boosted,0.6843207732617104,Bull,5846.474643800552,Bear
2024-10-17,hybrid,0.48492329654601835,NoTrade,,Bear
2024-10-24,gbm,0.58542,Bull,6221.9966904275525,Bear
2024-10-24,student_t,0.5870171126960079,Bull,6221.9966904275525,Bear
2024-10-24,hmm,0.01809993698034239,Bear,2256.1805063055517,Bear
2024-10-24,logistic,0.6154995473905641,Bull,6221.9966904275525,Bear
2024-10-24,boosted,0.6280524777180204,Bull,6221.9966904275525,Bear
2024-10-24,hybrid,0.46216726869623365,NoTrade,,Bear
2024-10-31,gbm,0.58578,Bull,3468.7318242575516,Bear
2024-10-31,student_t,0.5845834826498054,Bull,3468.7318242575516,Bear
2024-10-31,hmm,0.002870920321440692,Bear,2262.8172011885526,Bear
2024-10-31,logistic,0.6180465680509807,Bull,3468.7318242575516,Bear
2024-10-31,boosted,0.25397045411404073,Bear,2262.8172011885526,Bear
2024-10-31,hybrid,0.36486785628406687,Bear,2262.8172011885526,Bear
2024-11-14,gbm,0.59038,Bull,-17276.66721231895,Bear
2024-11-14,student_t,0.5891455525101406,Bull,-17276.66721231895,Bear
2024-11-14,hmm,0.015552907961025342,Bear,2722.5124902285525,Bear
2024-11-14,logistic,0.6096546751035008,Bull,-17276.66721231895,Bear
2024-11-14,boosted,0.35272846294502685,Bear,2722.5124902285525,Bear
2024-11-14,hybrid,0.3917703996299234,Bear,2722.5124902285525,Bear
2024-11-28,gbm,0.56722,Bull,4019.1762473835515,Bull
2024-11-28,student_t,0.5664138382398352,Bull,4019.1762473835515,Bull
2024-11-28,hmm,6.704987650614429e-06,Bear,-1131.9618243129485,Bull
2024-11-28,logistic,0.7459384881605584,Bull,4019.1762473835515,Bull
2024-11-28,boosted,0.38791932382761923,Bear,-1131.9618243129485,Bull
2024-11-28,hybrid,0.4250695888039159,Bear,-1131.9618243129485,Bull
2024-12-05,gbm,0.5677,Bull,3607.8272945310523,Bull
2024-12-05,student_t,0.5712513288059484,Bull,3607.8272945310523,Bull
2024-12-05,hmm,0.702150605286115,Bull,3607.8272945310523,Bull
2024-12-05,logistic,0.5511831879237226,Bull,3607.8272945310523,Bull
2024-12-05,boosted,0.6689714938620082,Bull,3607.8272945310523,Bull
2024-12-05,hybrid,0.6233891539694485,Bull,3607.8272945310523,Bull
2024-12-12,gbm,0.57928,Bull,6422.2042043625515,Bear
2024-12-12,student_t,0.5772184183434248,Bull,6422.2042043625515,Bear
2024-12-12,hmm,0.6209229362326916,Bull,6422.2042043625515,Bear
2024-12-12,logistic,0.5383019691344689,NoTrade,,Bear
2024-12-12,boosted,0.43724364511346897,Bear,4823.969066545053,Bear
2024-12-12,hybrid,0.5434217422060136,NoTrade,,Bear
2024-12-19,gbm,0.56466,Bull,-3274.659808193949,Bear
2024-12-19,student_t,0.5615664704179302,Bull,-3274.659808193949,Bear
2024-12-19,hmm,0.015708261387239932,Bear,2376.636679019052,Bear
2024-12-19,logistic,0.5579671534385597,Bull,-3274.659808193949,Bear
2024-12-19,boosted,0.45492618555264236,NoTrade,,Bear
2024-12-19,hybrid,0.39754201769909303,Bear,2376.636679019052,Bear
2025-01-02,gbm,0.54588,NoTrade,,Bull
2025-01-02,student_t,0.5442629565914332,NoTrade,,Bull
2025-01-02,hmm,1.9797291491142578e-05,Bear,6017.376420294051,Bull
2025-01-02,logistic,0.6967466132828647,Bull,2442.6813708360514,Bull
2025-01-02,boosted,0.30633084322833193,Bear,6017.376420294051,Bull
2025-01-02,hybrid,0.38684005259853027,Bear,6017.376420294051,Bull
2025-01-09,gbm,0.53766,NoTrade,,Bear
2025-01-09,student_t,0.5398448773695161,NoTrade,,Bear
2025-01-09,hmm,0.6720159496706923,Bull,-8003.101540227448,Bear
2025-01-09,logistic,0.7181844557358693,Bull,-8003.101540227448,Bear
2025-01-09,boosted,0.5128742514214671,NoTrade,,Bear
2025-01-09,hybrid,0.6107298835493863,Bull,-8003.101540227448,Bear
2025-01-16,gbm,0.53094,NoTrade,,Bear
2025-01-16,student_t,0.5311988808291337,NoTrade,,Bear
2025-01-16,hmm,2.4733243350966807e-06,Bear,4415.756051504051,Bear
2025-01-16,logistic,0.834066220496318,Bull,3977.1139474610522,Bear
2025-01-16,boosted,0.6506445111829819,Bull,3977.1139474610522,Bear
2025-01-16,hybrid,0.5039780214581921,NoTrade,,Bear
2025-01-23,gbm,0.52202,NoTrade,,Bear
2025-01-23,student_t,0.5278273644721072,NoTrade,,Bear
2025-01-23,hmm,0.005515998249424888,Bear,2097.527610001052,Bear
2025-01-23,logistic,0.8129353254448468,Bull,3021.7079732045518,Bear
2025-01-23,boosted,0.3961565713925751,Bear,2097.527610001052,Bear
2025-01-23,hybrid,0.43560881488973846,Bear,2097.527610001052,Bear
2025-01-30,gbm,0.5269,NoTrade,,Bull
2025-01-30,student_t,0.5296309550080016,NoTrade,,Bull
2025-01-30,hmm,0.01978273944213665,Bear,3830.0441116845523,Bull
2025-01-30,logistic,0.6833355690676427,Bull,4371.627950266053,Bull
2025-01-30,boosted,0.40019694085757246,Bear,3830.0441116845523,Bull
2025-01-30,hybrid,0.4082365510938384,Bear,3830.0441116845523,Bull
2025-02-06,gbm,0.53462,NoTrade,,Bull
2025-02-06,student_t,0.5354958919633057,NoTrade,,Bull
2025-02-06,hmm,0.12202442829453751,Bear,6459.440237235551,Bull
2025-02-06,logistic,0.6774105890647011,Bull,6561.707056143051,Bull
2025-02-06,boosted,0.5565313631579326,Bull,6561.707056143051,Bull
2025-02-06,hybrid,0.4728655681201192,NoTrade,,Bull
2025-02-13,gbm,0.52996,NoTrade,,Bear
2025-02-13,student_t,0.5308810704949,NoTrade,,Bear
2025-02-13,hmm,0.5792489579753181,Bull,-10879.08139385095,Bear
2025-02-13,logistic,0.5794921084589895,Bull,-10879.08139385095,Bear
2025-02-13,boosted,0.4378492542380249,Bear,3706.4459208385515,Bear
2025-02-13,hybrid,0.5318678477918081,NoTrade,,Bear
2025-02-20,gbm,0.52318,NoTrade,,Bear
2025-02-20,student_t,0.5242360823294203,NoTrade,,Bear
2025-02-20,hmm,9.481747449511674e-06,Bear,2919.5262787910515,Bear
2025-02-20,logistic,0.6580318792124843,Bull,2778.620380684052,Bear
2025-02-20,boosted,0.30557324301071326,Bear,2919.5262787910515,Bear
2025-02-20,hybrid,0.37196267157501683,Bear,2919.5262787910515,Bear
2025-03-06,gbm,0.50076,NoTrade,,Bear
2025-03-06,student_t,0.5056855824281943,NoTrade,,Bear
2025-03-06,hmm,0.018818502391577032,Bear,4884.270870666051,Bear
2025-03-06,logistic,0.6112944342661341,Bull,1542.118580267052,Bear
2025-03-06,boosted,0.32818576221871776,Bear,4884.270870666051,Bear
2025-03-06,hybrid,0.36599607032615583,Bear,4884.270870666051,Bear
2025-03-13,gbm,0.49946,NoTrade,,Bear
2025-03-13,student_t,0.5034990086081961,NoTrade,,Bear
2025-03-13,hmm,0.07939838155865979,Bear,1531.1481243355524,Bear
2025-03-13,logistic,0.561054785477799,Bull,1995.110290893052,Bear
2025-03-13,boosted,0.2934656179890875,Bear,1531.1481243355524,Bear
2025-03-13,hybrid,0.3593544484084356,Bear,1531.1481243355524,Bear
2025-03-27,gbm,0.51576,NoTrade,,Bull
2025-03-27,student_t,0.5175337633011775,NoTrade,,Bull
2025-03-27,hmm,0.010053232605359617,Bear,1713.5752228190515,Bull
2025-03-27,logistic,0.6432295393180847,Bull,1273.5117824635515,Bull
2025-03-27,boosted,0.6463169107671201,Bull,1273.5117824635515,Bull
2025-03-27,hybrid,0.45428336149793547,NoTrade,,Bull
2025-05-08,gbm,0.52352,NoTrade,,Bear
2025-05-08,student_t,0.5293899158609338,NoTrade,,Bear
2025-05-08,hmm,0.6097513481300358,Bull,7651.215000284551,Bear
2025-05-08,logistic,0.4821227044912717,NoTrade,,Bear
2025-05-08,boosted,0.3205722548204399,Bear,4039.096984850052,Bear
2025-05-08,hybrid,0.4854590558256703,NoTrade,,Bear
2025-05-15,gbm,0.52014,NoTrade,,Bull
2025-05-15,student_t,0.5247089156405258,NoTrade,,Bull
2025-05-15,hmm,0.023631354629387816,Bear,-40824.160812260954,Bull
2025-05-15,logistic,0.46259543351333593,NoTrade,,Bull
2025-05-15,boosted,0.28309433740482537,Bear,-40824.160812260954,Bull
2025-05-15,hybrid,0.32350751029701874,Bear,-40824.160812260954,Bull
2025-05-22,gbm,0.5429,NoTrade,,Bear
2025-05-22,student_t,0.5454548128515482,NoTrade,,Bear
2025-05-22,hmm,0.6881875914328303,Bull,1906.4605224455515,Bear
2025-05-22,logistic,0.3539172776472041,Bear,3568.3962657770517,Bear
2025-05-22,boosted,0.24653718144377046,Bear,3568.3962657770517,Bear
2025-05-22,hybrid,0.4585242158438383,NoTrade,,Bear
2025-05-29,gbm,0.52866,NoTrade,,Bull
2025-05-29,student_t,0.5322440231410906,NoTrade,,Bull
2025-05-29,hmm,0.00010933456878777794,Bear,4639.644956932552,Bull
2025-05-29,logistic,0.500324341179801,NoTrade,,Bull
2025-05-29,boosted,0.4047041668957641,Bear,4639.644956932552,Bull
2025-05-29,hybrid,0.35934546644636084,Bear,4639.644956932552,Bull
2025-06-05,gbm,0.52424,NoTrade,,Bear
2025-06-05,student_t,0.5268724534991893,NoTrade,,Bear
2025-06-05,hmm,0.40183913890547407,Bear,5378.224343113552,Bear
2025-06-05,logistic,0.40404199517234346,Bear,5378.224343113552,Bear
2025-06-05,boosted,0.34327356215811183,Bear,5378.224343113552,Bear
2025-06-05,hybrid,0.41900678743377967,Bear,5378.224343113552,Bear
2025-06-12,gbm,0.52948,NoTrade,,Bull
2025-06-12,student_t,0.5330085908497161,NoTrade,,Bull
2025-06-12,hmm,0.03653703779608403,Bear,3632.8965560600523,Bull
2025-06-12,logistic,0.44232258987241735,Bear,3632.8965560600523,Bull
2025-06-12,boosted,0.29626923500068414,Bear,3632.8965560600523,Bull
2025-06-12,hybrid,0.3270343633797254,Bear,3632.8965560600523,Bull
2025-06-19,gbm,0.52876,NoTrade,,Bear
2025-06-19,student_t,0.5342065666057985,NoTrade,,Bear
2025-06-19,hmm,0.30125267287273555,Bear,3308.8446227900513,Bear
2025-06-19,logistic,0.585836974433984,Bull,4822.450494119553,Bear
2025-06-19,boosted,0.7512537242371093,Bull,4822.450494119553,Bear
2025-06-19,hybrid,0.5431374845374068,NoTrade,,Bear
2025-06-26,gbm,0.52098,NoTrade,,Bull
2025-06-26,student_t,0.5230278683091341,NoTrade,,Bull
2025-06-26,hmm,0.05605645975857106,Bear,-20620.290891376946,Bull
2025-06-26,logistic,0.6114855968820622,Bull,2455.6081823050517,Bull
2025-06-26,boosted,0.757080346182276,Bull,2455.6081823050517,Bull
2025-06-26,hybrid,0.48691256778301084,NoTrade,,Bull
2025-07-03,gbm,0.53148,NoTrade,,Bear
2025-07-03,student_t,0.5328892471734075,NoTrade,,Bear
2025-07-03,hmm,0.7499393588689731,Bull,2872.985797940552,Bear
2025-07-03,logistic,0.4323954824999429,Bear,2298.631946772052,Bear
2025-07-03,boosted,0.2976421446118441,Bear,2298.631946772052,Bear
2025-07-03,hybrid,0.503216558288542,NoTrade,,Bear
2025-07-10,gbm,0.51742,NoTrade,,Bear
2025-07-10,student_t,0.5222995689983325,NoTrade,,Bear
2025-07-10,hmm,0.015448504525242376,Bear,2068.629254066552,Bear
2025-07-10,logistic,0.5913354132126523,Bull,1839.830464919052,Bear
2025-07-10,boosted,0.3358061897650554,Bear,2068.629254066552,Bear
2025-07-10,hybrid,0.36622241912532066,Bear,2068.629254066552,Bear
2025-07-17,gbm,0.51292,NoTrade,,Bear
2025-07-17,student_t,0.516422162535609,NoTrade,,Bear
2025-07-17,hmm,0.07808839389373153,Bear,1172.655598028052,Bear
2025-07-17,logistic,0.47093251845542183,NoTrade,,Bear
2025-07-17,boosted,0.27661302902955937,Bear,1172.655598028052,Bear
2025-07-17,hybrid,0.33551402597858043,Bear,1172.655598028052,Bear
2025-07-24,gbm,0.5069,NoTrade,,Bear
2025-07-24,student_t,0.5097116533346789,NoTrade,,Bear
2025-07-24,hmm,0.008597367387460246,Bear,1207.8379902275515,Bear
2025-07-24,logistic,0.4516303965781263,NoTrade,,Bear
2025-07-24,boosted,0.3883986804535209,Bear,1207.8379902275515,Bear
2025-07-24,hybrid,0.3395845244384466,Bear,1207.8379902275515,Bear
2025-07-31,gbm,0.50534,NoTrade,,Bear
2025-07-31,student_t,0.50883254281029,NoTrade,,Bear
2025-07-31,hmm,0.0631365840504964,Bear,1185.7952207320516,Bear
2025-07-31,logistic,0.4839402822089868,NoTrade,,Bear
2025-07-31,boosted,0.7584977085410617,Bull,1435.483026209552,Bear
2025-07-31,hybrid,0.45360177940270874,NoTrade,,Bear
2025-08-07,gbm,0.49404,NoTrade,,Bear
2025-08-07,student_t,0.4989139720242728,NoTrade,,Bear
2025-08-07,hmm,0.0030196991859826267,Bear,2052.9617256510514,Bear
2025-08-07,logistic,0.5021470081345524,NoTrade,,Bear
2025-08-07,boosted,0.7440183414475404,Bull,2247.630018132052,Bear
2025-08-07,hybrid,0.43702475519808703,Bear,2052.9617256510514,Bear
2025-08-14,gbm,0.50816,NoTrade,,Bull
2025-08-14,student_t,0.5090294440060261,NoTrade,,Bull
2025-08-14,hmm,0.007780937274733106,Bear,1369.9612419985524,Bull
2025-08-14,logistic,0.6480093012740239,Bull,1661.8876767075524,Bull
2025-08-14,boosted,0.6507605159388256,Bull,1661.8876767075524,Bull
2025-08-14,hybrid,0.45389504962340216,NoTrade,,Bull
2025-09-09,gbm,0.48554,NoTrade,,Bull
2025-09-09,student_t,0.49224133306748125,NoTrade,,Bull
2025-09-09,hmm,0.09168417449032162,Bear,4085.7210333470516,Bull
2025-09-09,logistic,0.6082104960899856,Bull,1108.264753523051,Bull
2025-09-09,boosted,0.7388447026140303,Bull,1108.264753523051,Bull
2025-09-09,hybrid,0.4827451765654547,NoTrade,,Bull
2025-09-16,gbm,0.49068,NoTrade,,Bull
2025-09-16,student_t,0.4946306889922899,NoTrade,,Bull
2025-09-16,hmm,0.41459591975647636,Bear,3574.0570446280517,Bull
2025-09-16,logistic,0.4775916577336336,NoTrade,,Bull
2025-09-16,boosted,0.7638601668793077,Bull,1121.7509545240514,Bull
2025-09-16,hybrid,0.5376696083404269,NoTrade,,Bull
2025-09-23,gbm,0.50224,NoTrade,,Bear
2025-09-23,student_t,0.5052226870412939,NoTrade,,Bear
2025-09-23,hmm,0.4574029140728364,NoTrade,,Bear
2025-09-23,logistic,0.47987776742435706,NoTrade,,Bear
2025-09-23,boosted,0.7941235762856846,Bull,685.460426883551,Bear
2025-09-23,hybrid,0.559156736206043,Bull,685.460426883551,Bear
2025-09-30,gbm,0.49198,NoTrade,,Bear
2025-09-30,student_t,0.4966084837034019,NoTrade,,Bear
2025-09-30,hmm,0.05877049801836108,Bear,919.9595414800513,Bear
2025-09-30,logistic,0.5062323070810278,NoTrade,,Bear
2025-09-30,boosted,0.652506894768384,Bull,-8282.342917505948,Bear
2025-09-30,hybrid,0.42852954589279363,Bear,919.9595414800513,Bear
2025-11-04,gbm,0.51522,NoTrade,,Bear
2025-11-04,student_t,0.5192110875940346,NoTrade,,Bear
2025-11-04,hmm,0.00030453125166647865,Bear,2596.313429819052,Bear
2025-11-04,logistic,0.6334304377381023,Bull,-1559.303627265949,Bear
2025-11-04,boosted,0.7833023802984737,Bull,-1559.303627265949,Bear
2025-11-04,hybrid,0.48406210922056925,NoTrade,,Bear
2025-11-18,gbm,0.5198,NoTrade,,Bull
2025-11-18,student_t,0.5236034108895995,NoTrade,,Bull
2025-11-18,hmm,0.0022689491430896327,Bear,1696.0728962630524,Bull
2025-11-18,logistic,0.8200053339917249,Bull,1694.821857961552,Bull
2025-11-18,boosted,0.6282719537812061,Bull,1694.821857961552,Bull
2025-11-18,hybrid,0.49353741195140505,NoTrade,,Bull
2025-11-25,gbm,0.52622,NoTrade,,Bear
2025-11-25,student_t,0.5302794743428121,NoTrade,,Bear
2025-11-25,hmm,0.35280206472534825,Bear,2035.853161158551,Bear
2025-11-25,logistic,0.7754633904320007,Bull,1558.6434339435518,Bear
2025-11-25,boosted,0.6818154481964566,Bull,1558.6434339435518,Bear
2025-11-25,hybrid,0.5850900944241544,Bull,1558.6434339435518,Bear
2025-12-02,gbm,0.54604,NoTrade,,Bull
2025-12-02,student_t,0.5426687282018728,NoTrade,,Bull
2025-12-02,hmm,0.10954314022116145,Bear,1689.563888121052,Bull
2025-12-02,logistic,0.7694403208833254,Bull,1509.950519459052,Bull
2025-12-02,boosted,0.6404952122547656,Bull,1509.950519459052,Bull
2025-12-02,hybrid,0.5155368503902813,NoTrade,,Bull
2025-12-09,gbm,0.53246,NoTrade,,Bear
2025-12-09,student_t,0.5323414764986788,NoTrade,,Bear
2025-12-09,hmm,0.3365568271978487,Bear,1651.0874697640515,Bear
2025-12-09,logistic,0.696495623643606,Bull,1309.1684397010524,Bear
2025-12-09,boosted,0.5850985030263748,Bull,1309.1684397010524,Bear
2025-12-09,hybrid,0.537623107591627,NoTrade,,Bear
2025-12-16,gbm,0.5185,NoTrade,,Bull
2025-12-16,student_t,0.5245278460937915,NoTrade,,Bull
2025-12-16,hmm,0.07208444929109707,Bear,1149.7007803825516,Bull
2025-12-16,logistic,0.6741229894835512,Bull,1140.6456255660514,Bull
2025-12-16,boosted,0.5898166177999913,Bull,1140.6456255660514,Bull
2025-12-16,hybrid,0.46513797566710774,NoTrade,,Bull
2025-12-23,gbm,0.52326,NoTrade,,Bull
2025-12-23,student_t,0.5220941274922055,NoTrade,,Bull
2025-12-23,hmm,0.26563442377129365,Bear,2635.721694136552,Bull
2025-12-23,logistic,0.628573589452769,Bull,901.4418503400514,Bull
2025-12-23,boosted,0.5486175488089869,NoTrade,,Bull
2025-12-23,hybrid,0.4912299223813137,NoTrade,,Bull
2026-01-06,gbm,0.54004,NoTrade,,Bull
2026-01-06,student_t,0.5400467897013592,NoTrade,,Bull
2026-01-06,hmm,0.474795819617358,NoTrade,,Bull
2026-01-06,logistic,0.6265832233124942,Bull,396.75505448005094,Bull
2026-01-06,boosted,0.7198250516423089,Bull,396.75505448005094,Bull
2026-01-06,hybrid,0.5903127210683801,Bull,396.75505448005094,Bull
2026-01-13,gbm,0.5447,NoTrade,,Bear
2026-01-13,student_t,0.5462045119427712,NoTrade,,Bear
2026-01-13,hmm,0.4213662003639726,Bear,411.99696042555104,Bear
2026-01-13,logistic,0.5867266332976193,Bull,-3889.8964260339476,Bear
2026-01-13,boosted,0.7317421588892635,Bull,-3889.8964260339476,Bear
2026-01-13,hybrid,0.5715098761234066,Bull,-3889.8964260339476,Bear
2026-02-03,gbm,0.53912,NoTrade,,Bull
2026-02-03,student_t,0.5413018741576825,NoTrade,,Bull
2026-02-03,hmm,0.03847583730706199,Bear,-6880.759715616948,Bull
2026-02-03,logistic,0.695451708896312,Bull,5026.094897244052,Bull
2026-02-03,boosted,0.6682858898351545,Bull,5026.094897244052,Bull
2026-02-03,hybrid,0.48587882754905276,NoTrade,,Bull
2026-02-10,gbm,0.5558,Bull,3672.5768779750515,Bull
2026-02-10,student_t,0.5536513905505025,Bull,3672.5768779750515,Bull
2026-02-10,hmm,0.6727464975179601,Bull,3672.5768779750515,Bull
2026-02-10,logistic,0.5264485250069364,NoTrade,,Bull
2026-02-10,boosted,0.7033903130455567,Bull,3672.5768779750515,Bull
2026-02-10,hybrid,0.614059181530239,Bull,3672.5768779750515,Bull
2026-02-17,gbm,0.54552,NoTrade,,Bear
2026-02-17,student_t,0.5448857945951708,NoTrade,,Bear
2026-02-17,hmm,0.34076207541200737,Bear,1162.5363870365516,Bear
2026-02-17,logistic,0.6116069791598838,Bull,3155.6579350645525,Bear
2026-02-17,boosted,0.715429659656961,Bull,3155.6579350645525,Bear
2026-02-17,hybrid,0.5531711272060058,Bull,3155.6579350645525,Bear
2026-02-24,gbm,0.54002,NoTrade,,Bear
2026-02-24,student_t,0.5397794679265059,NoTrade,,Bear
2026-02-24,hmm,0.10689330966150944,Bear,1903.7470443860525,Bear
2026-02-24,logistic,0.6836894813834175,Bull,3631.653105904052,Bear
2026-02-24,boosted,0.6662110350162316,Bull,3631.653105904052,Bear
2026-02-24,hybrid,0.4991433234969161,NoTrade,,Bear
2026-03-10,gbm,0.53884,NoTrade,,Bear
2026-03-10,student_t,0.5364125350284248,NoTrade,,Bear
2026-03-10,hmm,0.06313623550797834,Bear,9704.492473752549,Bear
2026-03-10,logistic,0.6560974174847743,Bull,12521.55080514505,Bear
2026-03-10,boosted,0.5234520731329647,NoTrade,,Bear
2026-03-10,hybrid,0.4447745652885356,Bear,9704.492473752549,Bear
2026-03-17,gbm,0.53888,NoTrade,,Bear
2026-03-17,student_t,0.540422204733483,NoTrade,,Bear
2026-03-17,hmm,0.00554300290802805,Bear,7424.387791988551,Bear
2026-03-17,logistic,0.7523603546925596,Bull,-5777.586127470448,Bear
2026-03-17,boosted,0.5749557572140245,Bull,-5777.586127470448,Bear
2026-03-17,hybrid,0.4683203298870238,NoTrade,,Bear
2026-03-24,gbm,0.51946,NoTrade,,Bear
2026-03-24,student_t,0.519091355853712,NoTrade,,Bear
2026-03-24,hmm,0.0016189916092848441,Bear,4743.241858314552,Bear
2026-03-24,logistic,0.7463935003672578,Bull,-21188.897184306956,Bear
2026-03-24,boosted,0.592443358327024,Bull,-21188.897184306956,Bear
2026-03-24,hybrid,0.46488680153931966,NoTrade,,Bear
2026-04-21,gbm,0.50928,NoTrade,,Bull
2026-04-21,student_t,0.5081621146124309,NoTrade,,Bull
2026-04-21,hmm,0.0011875045226236167,Bear,3742.3078471790495,Bull
2026-04-21,logistic,0.6554285876096919,Bull,6191.20870198855,Bull
2026-04-21,boosted,0.5245199137081324,NoTrade,,Bull
2026-04-21,hybrid,0.4223245301132197,Bear,3742.3078471790495,Bull
2026-04-28,gbm,0.53356,NoTrade,,Bear
2026-04-28,student_t,0.5361261775411257,NoTrade,,Bear
2026-04-28,hmm,0.7450684702334355,Bull,3847.1553194930516,Bear
2026-04-28,logistic,0.6515260498677777,Bull,3847.1553194930516,Bear
2026-04-28,boosted,0.5036660002449195,NoTrade,,Bear
2026-04-28,hybrid,0.6090966744718146,Bull,3847.1553194930516,Bear
2026-05-12,gbm,0.49666,NoTrade,,Bear
2026-05-12,student_t,0.49989108051019204,NoTrade,,Bear
2026-05-12,hmm,0.0009387076775423999,Bear,4442.052471699552,Bear
2026-05-12,logistic,0.6369539105555238,Bull,-23500.362732549445,Bear
2026-05-12,boosted,0.7101835098539724,Bull,-23500.362732549445,Bear
2026-05-12,hybrid,0.46199180214930763,NoTrade,,Bear
2026-05-19,gbm,0.47826,NoTrade,,Bull
2026-05-19,student_t,0.48222109420248555,NoTrade,,Bull
2026-05-19,hmm,0.00038354241835896835,Bear,10672.472297485552,Bull
2026-05-19,logistic,0.5572450879866476,Bull,6262.170714265553,Bull
2026-05-19,boosted,0.5414300497866895,NoTrade,,Bull
2026-05-19,hybrid,0.3953199435985454,Bear,10672.472297485552,Bull
