expiry,settlement_1tick_cost_net_pnl,cumulative_pnl
2022-06-09,5966.819996562001,5966.819996562001
2022-06-16,-32812.19043877198,-26845.370442209976
2022-06-23,4173.866415870977,-22671.504026339
2022-06-30,2321.246400092,-20350.257626247
2022-07-07,-9344.569688425476,-29694.827314672475
2022-07-14,5550.1051359155,-24144.722178756976
2022-07-21,1862.475319844001,-22282.246858912975
2022-07-28,1859.418426205501,-20422.828432707473
2022-08-04,1678.3214592195009,-18744.506973487973
2022-08-25,-3871.361868104953,-22615.868841592925
2022-09-08,3183.557744181,-19432.311097411926
2022-09-15,1772.2369327220013,-17660.074164689926
2022-09-22,2934.3685250255003,-14725.705639664426
2022-09-29,2373.373188117001,-12352.332451547425
2022-10-13,955.196790219,-11397.135661328424
2022-10-20,4532.1430662715,-6864.992595056924
2022-11-03,3824.638790943,-3040.353804113924
2022-11-17,768.9710479579998,-2271.382756155924
2022-11-24,775.553019952,-1495.8297362039243
2022-12-01,397.1686499584994,-1098.661086245425
2022-12-08,484.4413482569998,-614.2197379884251
2022-12-15,2662.3004677254057,2048.0807297369806
2022-12-22,4179.898094303,6227.978824039981
2022-12-29,1475.2972488370006,7703.276072876982
2023-01-05,4275.8443950195015,11979.120467896482
2023-01-12,684.8464481130004,12663.966916009482
2023-01-19,3751.528766124095,16415.495682133576
2023-02-02,3532.162111695001,19947.657793828577
2023-02-09,1720.249992080001,21667.907785908577
2023-02-16,493.9890090745,22161.896794983077
2023-02-23,-8573.4848571555,13588.411937827577
2023-03-02,2641.3384875434053,16229.750425370983
2023-03-16,-3234.888196836595,12994.862228534388
2023-03-23,1727.1907030130003,14722.052931547389
2023-04-27,2136.8843007290475,16858.937232276436
2023-05-11,196.49601597849977,17055.433248254936
2023-05-18,590.9431352525005,17646.376383507435
2023-05-25,419.6127206399998,18065.989104147437
2023-06-01,490.5672961759998,18556.556400323436
2023-06-08,322.37889969599985,18878.935300019435
2023-06-15,213.09383350699977,19092.029133526434
2023-06-22,190.5038351214999,19282.532968647934
2023-07-06,516.8283006209998,19799.361269268935
2023-07-13,600.7036073049998,20400.064876573935
2023-07-20,267.5539569715,20667.618833545435
2023-07-27,1021.885996062,21689.504829607435
2023-08-03,3811.395802782,25500.900632389435
2023-08-10,516.4330797560004,26017.333712145435
2023-08-24,322.4275422639999,26339.761254409434
2023-08-31,438.5073916820001,26778.268646091434
2023-09-07,358.4855006875,27136.754146778934
2023-09-14,425.95756011499975,27562.711706893933
2023-09-28,797.8937251765,28360.60543207043
2023-10-12,410.0407385385,28770.646170608932
2023-10-19,539.3818170804998,29310.02798768943
2023-11-02,1050.4195327365003,30360.447520425932
2023-11-09,436.19837752649966,30796.645897952432
2023-11-16,196.1494376815,30992.79533563393
2023-11-23,458.539082751,31451.334418384933
2023-12-07,1187.0357398665,32638.370158251433
2023-12-14,710.7608742610005,33349.131032512436
2023-12-21,756.3664935020003,34105.497526014435
2024-01-04,1866.219289755501,35971.716815769934
2024-01-11,917.4925726290004,36889.20938839894
2024-01-18,4663.604669018,41552.81405741694
2024-01-25,5529.555109737,47082.369167153935
2024-02-08,4406.308825121952,51488.67799227589
2024-02-15,3818.151088436,55306.82908071189
2024-02-22,2387.461340897,57694.290421608894
2024-02-29,5896.145115792001,63590.435537400896
2024-03-07,2756.64462837,66347.0801657709
2024-03-21,3134.986436116501,69482.06660188739
2024-04-25,3796.327210496501,73278.39381238389
2024-05-09,-27330.6160477325,45947.777764651386
2024-05-16,2439.357076724,48387.13484137539
2024-05-23,2092.7759482785004,50479.91078965389
2024-05-30,-4189.372928926903,46290.53786072699
2024-06-06,16242.598346151995,62533.13620687898
2024-06-13,6664.7447016435,69197.88090852248
2024-06-27,1668.6096297350005,70866.49053825748
2024-07-04,3326.354622119001,74192.84516037648
2024-07-11,1425.5706797825003,75618.41584015898
2024-07-25,8845.944982013,84464.36082217198
2024-08-01,2109.008946547001,86573.36976871899
2024-08-08,-14961.677989457,71611.69177926198
2024-08-22,2442.462612930501,74054.15439219247
2024-08-29,1232.0211663655002,75286.17555855798
2024-09-05,1393.7613579135004,76679.93691647149
2024-09-12,2633.070758808001,79313.00767527948
2024-09-19,2564.7413741195005,81877.74904939899
2024-09-26,3090.1955798895,84967.9446292885
2024-10-10,7226.305508405048,92194.25013769354
2024-10-17,5846.645026439,98040.89516413254
2024-10-24,6225.4185369765,104266.31370110904
2024-10-31,3465.6689839485,107731.98268505755
2024-11-14,-17361.053132316454,90370.92955274109
2024-11-28,4016.113407074502,94387.04295981559
2024-12-05,3604.764454222001,97991.8074140376
2024-12-12,6419.1413640535,104410.9487780911
2024-12-19,-3333.027936586451,101077.92084150465
2025-01-02,2439.618530527,103517.53937203165
2025-01-09,-7950.895574378998,95566.64379765265
2025-01-16,3974.051107152002,99540.69490480465
2025-01-23,3018.6451328955,102559.34003770015
2025-01-30,4368.571190278,106927.91122797815
2025-02-06,6558.644215834,113486.55544381216
2025-02-13,-10869.217422690905,102617.33802112125
2025-02-20,2775.557540375001,105392.89556149625
2025-03-06,1539.055739958001,106931.95130145425
2025-03-13,1528.0852840265004,108460.03658548075
2025-03-27,1273.706486386,109733.74307186675
2025-05-08,7683.893941707,117417.63701357375
2025-05-15,9922.062502465,127339.69951603876
2025-05-22,1887.158603547048,129226.85811958581
2025-05-29,4391.696256911501,133618.5543764973
2025-06-05,3876.513270158001,137495.0676466553
2025-06-12,3206.135581924501,140701.2032285798
2025-06-19,4819.387653810501,145520.5908823903
2025-06-26,2452.545341996001,147973.1362243863
2025-07-03,2869.922957631502,150843.0591820178
2025-07-10,1836.7676246100004,152679.8268066278
2025-07-17,1257.6254961425,153937.45230277028
2025-07-24,1228.6906582820004,155166.14296105228
2025-07-31,1435.6716498110004,156601.81461086328
2025-08-07,2049.898885342,158651.71349620528
2025-08-14,1658.8248363985003,160310.53833260378
2025-09-09,4085.8914159855,164396.4297485893
2025-09-16,3577.484971497905,167973.9147200872
2025-09-23,682.3975865744998,168656.31230666168
2025-09-30,923.399628992,169579.71193565367
2025-11-04,-1568.9180379639051,168010.79389768976
2025-11-18,1691.759017652501,169702.55291534227
2025-11-25,1555.5805936345005,171258.13350897678
2025-12-02,1506.8876791500004,172765.0211881268
2025-12-09,1306.1055993920008,174071.1267875188
2025-12-16,1137.5827852569998,175208.70957277578
2025-12-23,898.379010031,176107.08858280678
2026-01-06,393.69221417099993,176500.78079697778
2026-01-13,-3925.4556644850472,172575.32513249273
2026-02-03,5023.032056935001,177598.3571894277
2026-02-10,3669.514037666001,181267.8712270937
2026-02-17,3155.8404783449064,184423.71170543862
2026-02-24,3638.3264163634058,188062.03812180203
2026-03-10,12518.487964835998,200580.52608663804
2026-03-17,-5813.26697234141,194767.25911429664
2026-03-24,-21289.424897757905,173477.83421653873
2026-04-21,6188.150651366998,179665.98486790573
2026-04-28,3805.0257646985456,183471.01063260427
2026-05-12,4439.002126399001,187910.01275900326
2026-05-19,10688.861387758996,198598.87414676225
